Workbook

Sheet AVANCE A
C1: HOJA DE LA ACTUACIÓN DEL ESTUDIANTE | T1: CALIFICACIÓN FINAL DEL ESTUDIANTE POR LAPSO
C2: EV.PARCIALES, OBJETIVOS. INSTRUMENTOS, PONDERACIÓN | P2: NIVELACIÓN | Q2: REFERENTES ÉTICOS | T2: PROMEDIO AJUSTADO AL 100% | U2: CALIFICACIÓN DEL PROFESOR | V2: CALIFICACIÓN DEL CONSEJO | X2: FIRMA DEL ESTUDIANTE
B3: UNIDAD EDUCATIVA | W3: INASISTENCIAS POR HORAS ACADÉMICAS
B4: ROBERTO CASTILLO CARDIER | C4: PRUEBA ESCRITA | D4: {=TRANSPOSE(D11)%} -> 0.1 | E4: XX | F4: {=TRANSPOSE(F11)%} -> 0.05 | H4: {=TRANSPOSE(H11)%} -> 0 | J4: {=TRANSPOSE(J11)%} -> 0 | L4: {=TRANSPOSE(L11)%} -> 0 | N4: {=TRANSPOSE(N11)%} -> 0 | O4: % | Q4: RESPONSABILIDAD | R4: AJUSTE SOCIAL | S4: APRECIACIÓN FINAL 10%
O5: =SUM(D11,F11,H11,J11,L11,N11) -> 15
A6: ÁREA: | O6: PROMEDIO
A7: CURSO: | B7: 2DO AÑO SECCIÓN "A"
A8: LAPSO: | B8: PRIMER MOMENTO PEDAGÓGICO
A9: DOCENTE: | B9: XX
A10: ESCOLARIDAD: 2026 - 2027
A11: Nº | B11: APELLIDOS Y NOMBRES | C11: CALIF | D11: 10 | E11: CALIF | F11: 5 | G11: CALIF | I11: CALIF | K11: CALIF | M11: CALIF
A12: 1 | B12: SALAZAR GARCÍA JOSNEIVERTH JOSÉ | D12: =N(C12)*($D$11)/100 -> 0 | F12: =N(E12)*($F$11)/100 -> 0 | H12: =N(G12)*($H$11)/100 -> 0 | J12: =N(I12)*($J$11)/100 -> 0 | L12: =N(K12)*($L$11)/100 -> 0 | N12: =N(M12)*($N$11)/100 -> 0 | O12: =SUM(D12,F12,H12,J12,L12,N12) -> 0 | S12: =SUM(IFERROR(VALUE(SUBSTITUTE(P12,".",",")), N(P12)),IFERROR(VALUE(SUBSTITUTE(Q12,".",",")), N(Q12)),IFERROR(VALUE(SUBSTITUTE(R12,".",",")), N(R12))) -> 0 | T12: =SUM(O12,S12) -> 0 | U12: =T12 -> 0 | W12: {=TRANSPOSE('ASISTENCIA A'!AI9)} -> 6
A13: =IF(B13<>"",A12 + 1, "") -> 2 | B13: ALFONZO ARREAZA VIVIANA MARIE | D13: =N(C13)*($D$11)/100 -> 0 | F13: =N(E13)*($F$11)/100 -> 0 | H13: =N(G13)*($H$11)/100 -> 0 | J13: =N(I13)*($J$11)/100 -> 0 | L13: =N(K13)*($L$11)/100 -> 0 | N13: =N(M13)*($N$11)/100 -> 0 | O13: =SUM(D13,F13,H13,J13,L13,N13) -> 0 | S13: =SUM(IFERROR(VALUE(SUBSTITUTE(P13,".",",")), N(P13)),IFERROR(VALUE(SUBSTITUTE(Q13,".",",")), N(Q13)),IFERROR(VALUE(SUBSTITUTE(R13,".",",")), N(R13))) -> 0 | T13: =SUM(O13,S13) -> 0 | U13: =T13 -> 0 | W13: {=TRANSPOSE('ASISTENCIA A'!AI10)} -> 0
A14: =IF(B14<>"",A13 + 1, "") -> 3 | B14: VALDEZ FRONTADO CÉSAR IGNACIO | D14: =N(C14)*($D$11)/100 -> 0 | F14: =N(E14)*($F$11)/100 -> 0 | H14: =N(G14)*($H$11)/100 -> 0 | J14: =N(I14)*($J$11)/100 -> 0 | L14: =N(K14)*($L$11)/100 -> 0 | N14: =N(M14)*($N$11)/100 -> 0 | O14: =SUM(D14,F14,H14,J14,L14,N14) -> 0 | S14: =SUM(IFERROR(VALUE(SUBSTITUTE(P14,".",",")), N(P14)),IFERROR(VALUE(SUBSTITUTE(Q14,".",",")), N(Q14)),IFERROR(VALUE(SUBSTITUTE(R14,".",",")), N(R14))) -> 0 | T14: =SUM(O14,S14) -> 0 | U14: =T14 -> 0 | W14: {=TRANSPOSE('ASISTENCIA A'!AI11)} -> 0
A15: =IF(B15<>"",A14 + 1, "") -> 4 | B15: FERRER FELIBERTT ÁNGEL FABIÁN | D15: =N(C15)*($D$11)/100 -> 0 | F15: =N(E15)*($F$11)/100 -> 0 | H15: =N(G15)*($H$11)/100 -> 0 | J15: =N(I15)*($J$11)/100 -> 0 | L15: =N(K15)*($L$11)/100 -> 0 | N15: =N(M15)*($N$11)/100 -> 0 | O15: =SUM(D15,F15,H15,J15,L15,N15) -> 0 | S15: =SUM(IFERROR(VALUE(SUBSTITUTE(P15,".",",")), N(P15)),IFERROR(VALUE(SUBSTITUTE(Q15,".",",")), N(Q15)),IFERROR(VALUE(SUBSTITUTE(R15,".",",")), N(R15))) -> 0 | T15: =SUM(O15,S15) -> 0 | U15: =T15 -> 0 | W15: {=TRANSPOSE('ASISTENCIA A'!AI12)} -> 0
A16: =IF(B16<>"",A15 + 1, "") -> 5 | B16: CAZORLA GARCÍA SABRINA VITTORIA ASUSEJ | D16: =N(C16)*($D$11)/100 -> 0 | F16: =N(E16)*($F$11)/100 -> 0 | H16: =N(G16)*($H$11)/100 -> 0 | J16: =N(I16)*($J$11)/100 -> 0 | L16: =N(K16)*($L$11)/100 -> 0 | N16: =N(M16)*($N$11)/100 -> 0 | O16: =SUM(D16,F16,H16,J16,L16,N16) -> 0 | S16: =SUM(IFERROR(VALUE(SUBSTITUTE(P16,".",",")), N(P16)),IFERROR(VALUE(SUBSTITUTE(Q16,".",",")), N(Q16)),IFERROR(VALUE(SUBSTITUTE(R16,".",",")), N(R16))) -> 0 | T16: =SUM(O16,S16) -> 0 | U16: =T16 -> 0 | W16: {=TRANSPOSE('ASISTENCIA A'!AI13)} -> 0
A17: =IF(B17<>"",A16 + 1, "") -> 6 | B17: FIGUERA FIGUEROA JOSÉ GABRIEL | D17: =N(C17)*($D$11)/100 -> 0 | F17: =N(E17)*($F$11)/100 -> 0 | H17: =N(G17)*($H$11)/100 -> 0 | J17: =N(I17)*($J$11)/100 -> 0 | L17: =N(K17)*($L$11)/100 -> 0 | N17: =N(M17)*($N$11)/100 -> 0 | O17: =SUM(D17,F17,H17,J17,L17,N17) -> 0 | S17: =SUM(IFERROR(VALUE(SUBSTITUTE(P17,".",",")), N(P17)),IFERROR(VALUE(SUBSTITUTE(Q17,".",",")), N(Q17)),IFERROR(VALUE(SUBSTITUTE(R17,".",",")), N(R17))) -> 0 | T17: =SUM(O17,S17) -> 0 | U17: =T17 -> 0 | W17: {=TRANSPOSE('ASISTENCIA A'!AI14)} -> 0
A18: =IF(B18<>"",A17 + 1, "") -> 7 | B18: FIGUEROA BOLÍVAR FABRICIO ALEXANDER | D18: =N(C18)*($D$11)/100 -> 0 | F18: =N(E18)*($F$11)/100 -> 0 | H18: =N(G18)*($H$11)/100 -> 0 | J18: =N(I18)*($J$11)/100 -> 0 | L18: =N(K18)*($L$11)/100 -> 0 | N18: =N(M18)*($N$11)/100 -> 0 | O18: =SUM(D18,F18,H18,J18,L18,N18) -> 0 | S18: =SUM(IFERROR(VALUE(SUBSTITUTE(P18,".",",")), N(P18)),IFERROR(VALUE(SUBSTITUTE(Q18,".",",")), N(Q18)),IFERROR(VALUE(SUBSTITUTE(R18,".",",")), N(R18))) -> 0 | T18: =SUM(O18,S18) -> 0 | U18: =T18 -> 0 | W18: {=TRANSPOSE('ASISTENCIA A'!AI15)} -> 0
A19: =IF(B19<>"",A18 + 1, "") -> 8 | B19: ALFONZO COVA JOSÉ DANIEL | D19: =N(C19)*($D$11)/100 -> 0 | F19: =N(E19)*($F$11)/100 -> 0 | H19: =N(G19)*($H$11)/100 -> 0 | J19: =N(I19)*($J$11)/100 -> 0 | L19: =N(K19)*($L$11)/100 -> 0 | N19: =N(M19)*($N$11)/100 -> 0 | O19: =SUM(D19,F19,H19,J19,L19,N19) -> 0 | S19: =SUM(IFERROR(VALUE(SUBSTITUTE(P19,".",",")), N(P19)),IFERROR(VALUE(SUBSTITUTE(Q19,".",",")), N(Q19)),IFERROR(VALUE(SUBSTITUTE(R19,".",",")), N(R19))) -> 0 | T19: =SUM(O19,S19) -> 0 | U19: =T19 -> 0 | W19: {=TRANSPOSE('ASISTENCIA A'!AI16)} -> 0
A20: =IF(B20<>"",A19 + 1, "") -> 9 | B20: SILVA CEDEÑO CRISTHIAN DANIEL | D20: =N(C20)*($D$11)/100 -> 0 | F20: =N(E20)*($F$11)/100 -> 0 | H20: =N(G20)*($H$11)/100 -> 0 | J20: =N(I20)*($J$11)/100 -> 0 | L20: =N(K20)*($L$11)/100 -> 0 | N20: =N(M20)*($N$11)/100 -> 0 | O20: =SUM(D20,F20,H20,J20,L20,N20) -> 0 | S20: =SUM(IFERROR(VALUE(SUBSTITUTE(P20,".",",")), N(P20)),IFERROR(VALUE(SUBSTITUTE(Q20,".",",")), N(Q20)),IFERROR(VALUE(SUBSTITUTE(R20,".",",")), N(R20))) -> 0 | T20: =SUM(O20,S20) -> 0 | U20: =T20 -> 0 | W20: {=TRANSPOSE('ASISTENCIA A'!AI17)} -> 0
A21: =IF(B21<>"",A20 + 1, "") -> 10 | B21: PÉREZ CALZADILLA ALAN JOSUÉ | D21: =N(C21)*($D$11)/100 -> 0 | F21: =N(E21)*($F$11)/100 -> 0 | H21: =N(G21)*($H$11)/100 -> 0 | J21: =N(I21)*($J$11)/100 -> 0 | L21: =N(K21)*($L$11)/100 -> 0 | N21: =N(M21)*($N$11)/100 -> 0 | O21: =SUM(D21,F21,H21,J21,L21,N21) -> 0 | S21: =SUM(IFERROR(VALUE(SUBSTITUTE(P21,".",",")), N(P21)),IFERROR(VALUE(SUBSTITUTE(Q21,".",",")), N(Q21)),IFERROR(VALUE(SUBSTITUTE(R21,".",",")), N(R21))) -> 0 | T21: =SUM(O21,S21) -> 0 | U21: =T21 -> 0 | W21: {=TRANSPOSE('ASISTENCIA A'!AI18)} -> 0
A22: =IF(B22<>"",A21 + 1, "") -> 11 | B22: BRUCES GUZMÁN FRANYELIS ALEJANDRA | D22: =N(C22)*($D$11)/100 -> 0 | F22: =N(E22)*($F$11)/100 -> 0 | H22: =N(G22)*($H$11)/100 -> 0 | J22: =N(I22)*($J$11)/100 -> 0 | L22: =N(K22)*($L$11)/100 -> 0 | N22: =N(M22)*($N$11)/100 -> 0 | O22: =SUM(D22,F22,H22,J22,L22,N22) -> 0 | S22: =SUM(IFERROR(VALUE(SUBSTITUTE(P22,".",",")), N(P22)),IFERROR(VALUE(SUBSTITUTE(Q22,".",",")), N(Q22)),IFERROR(VALUE(SUBSTITUTE(R22,".",",")), N(R22))) -> 0 | T22: =SUM(O22,S22) -> 0 | U22: =T22 -> 0 | W22: {=TRANSPOSE('ASISTENCIA A'!AI19)} -> 0
A23: =IF(B23<>"",A22 + 1, "") -> 12 | B23: VALDERRAMA BELLORÍN AARON SANTIAGO | D23: =N(C23)*($D$11)/100 -> 0 | F23: =N(E23)*($F$11)/100 -> 0 | H23: =N(G23)*($H$11)/100 -> 0 | J23: =N(I23)*($J$11)/100 -> 0 | L23: =N(K23)*($L$11)/100 -> 0 | N23: =N(M23)*($N$11)/100 -> 0 | O23: =SUM(D23,F23,H23,J23,L23,N23) -> 0 | S23: =SUM(IFERROR(VALUE(SUBSTITUTE(P23,".",",")), N(P23)),IFERROR(VALUE(SUBSTITUTE(Q23,".",",")), N(Q23)),IFERROR(VALUE(SUBSTITUTE(R23,".",",")), N(R23))) -> 0 | T23: =SUM(O23,S23) -> 0 | U23: =T23 -> 0 | W23: {=TRANSPOSE('ASISTENCIA A'!AI20)} -> 0
A24: =IF(B24<>"",A23 + 1, "") -> 13 | B24: GUILLENT HERNÁNDEZ BRYAN MIGUEL | D24: =N(C24)*($D$11)/100 -> 0 | F24: =N(E24)*($F$11)/100 -> 0 | H24: =N(G24)*($H$11)/100 -> 0 | J24: =N(I24)*($J$11)/100 -> 0 | L24: =N(K24)*($L$11)/100 -> 0 | N24: =N(M24)*($N$11)/100 -> 0 | O24: =SUM(D24,F24,H24,J24,L24,N24) -> 0 | S24: =SUM(IFERROR(VALUE(SUBSTITUTE(P24,".",",")), N(P24)),IFERROR(VALUE(SUBSTITUTE(Q24,".",",")), N(Q24)),IFERROR(VALUE(SUBSTITUTE(R24,".",",")), N(R24))) -> 0 | T24: =SUM(O24,S24) -> 0 | U24: =T24 -> 0 | W24: {=TRANSPOSE('ASISTENCIA A'!AI21)} -> 0
... A45: =IF(B45<>"",A44 + 1, "") -> 34 | B45: DELLA MORTE VALLENILLA SOPHIA ANTONELLA | D45: =N(C45)*($D$11)/100 -> 0 | F45: =N(E45)*($F$11)/100 -> 0 | H45: =N(G45)*($H$11)/100 -> 0 | J45: =N(I45)*($J$11)/100 -> 0 | L45: =N(K45)*($L$11)/100 -> 0 | N45: =N(M45)*($N$11)/100 -> 0 | O45: =SUM(D45,F45,H45,J45,L45,N45) -> 0 | S45: =SUM(IFERROR(VALUE(SUBSTITUTE(P45,".",",")), N(P45)),IFERROR(VALUE(SUBSTITUTE(Q45,".",",")), N(Q45)),IFERROR(VALUE(SUBSTITUTE(R45,".",",")), N(R45))) -> 0 | T45: =SUM(O45,S45) -> 0 | U45: =T45 -> 0 | W45: {=TRANSPOSE('ASISTENCIA A'!AI42)} -> 0
A46: =IF(B46<>"",A45 + 1, "") | D46: =N(C46)*($D$11)/100 -> 0 | F46: =N(E46)*($F$11)/100 -> 0 | H46: =N(G46)*($H$11)/100 -> 0 | J46: =N(I46)*($J$11)/100 -> 0 | L46: =N(K46)*($L$11)/100 -> 0 | N46: =N(M46)*($N$11)/100 -> 0 | O46: =SUM(D46,F46,H46,J46,L46,N46) -> 0 | S46: =SUM(IFERROR(VALUE(SUBSTITUTE(P46,".",",")), N(P46)),IFERROR(VALUE(SUBSTITUTE(Q46,".",",")), N(Q46)),IFERROR(VALUE(SUBSTITUTE(R46,".",",")), N(R46))) -> 0 | T46: =SUM(O46,S46) -> 0 | U46: =T46 -> 0 | W46: {=TRANSPOSE('ASISTENCIA A'!AI43)} -> 0
A47: =IF(B47<>"",A46 + 1, "") | D47: =N(C47)*($D$11)/100 -> 0 | F47: =N(E47)*($F$11)/100 -> 0 | H47: =N(G47)*($H$11)/100 -> 0 | J47: =N(I47)*($J$11)/100 -> 0 | L47: =N(K47)*($L$11)/100 -> 0 | N47: =N(M47)*($N$11)/100 -> 0 | O47: =SUM(D47,F47,H47,J47,L47,N47) -> 0 | S47: =SUM(IFERROR(VALUE(SUBSTITUTE(P47,".",",")), N(P47)),IFERROR(VALUE(SUBSTITUTE(Q47,".",",")), N(Q47)),IFERROR(VALUE(SUBSTITUTE(R47,".",",")), N(R47))) -> 0 | T47: =SUM(O47,S47) -> 0 | U47: =T47 -> 0 | W47: {=TRANSPOSE('ASISTENCIA A'!AI44)} -> 0

Sheet ASISTENCIA A
D2: PRIMER MOMENTO PEDAGÓGICO | T2: Matrícula: | X2: =SUM(AB2,AF2) -> 34 | Z2: M | AA2: : | AB2: =COUNTIF(C9:C42,Z2) -> 15 | AD2: F | AE2: : | AF2: =COUNTIF(C9:C42,AD2) -> 19 | AI2: TOTAL INASISTENCIA MENSUAL
B3: ='AVANCE A'!B7 -> 2DO AÑO SECCIÓN "A" | D3: F E C H A
A4: DOCENTE: | B4: ='AVANCE A'!B9 -> XX
A5: ÁREA: | B5: ='AVANCE A'!B6 -> 0
A6: CONTROL DE ASISTENCIA MES DE:
A7: N° | B7: APELLIDOS Y NOMBRES | AI7: TI
C8: SEXO | D8: 1 | E8: 2 | F8: 3
A9: 1 | B9: =TRANSPOSE('AVANCE A'!B12) -> SALAZAR GARCÍA JOSNEIVERTH JOSÉ | C9: M | F9: 6 | AI9: =SUM(D9:AH9) -> 6
A10: 2 | B10: {=TRANSPOSE('AVANCE A'!B13)} -> ALFONZO ARREAZA VIVIANA MARIE | C10: F | AI10: =SUM(D10:AH10) -> 0
A11: 3 | B11: {=TRANSPOSE('AVANCE A'!B14)} -> VALDEZ FRONTADO CÉSAR IGNACIO | C11: M | AI11: =SUM(D11:AH11) -> 0
A12: 4 | B12: {=TRANSPOSE('AVANCE A'!B15)} -> FERRER FELIBERTT ÁNGEL FABIÁN | C12: M | AI12: =SUM(D12:AH12) -> 0
A13: 5 | B13: {=TRANSPOSE('AVANCE A'!B16)} -> CAZORLA GARCÍA SABRINA VITTORIA ASUSEJ | C13: F | AI13: =SUM(D13:AH13) -> 0
A14: 6 | B14: {=TRANSPOSE('AVANCE A'!B17)} -> FIGUERA FIGUEROA JOSÉ GABRIEL | C14: M | AI14: =SUM(D14:AH14) -> 0
A15: 7 | B15: {=TRANSPOSE('AVANCE A'!B18)} -> FIGUEROA BOLÍVAR FABRICIO ALEXANDER | C15: M | AI15: =SUM(D15:AH15) -> 0
A16: 8 | B16: {=TRANSPOSE('AVANCE A'!B19)} -> ALFONZO COVA JOSÉ DANIEL | C16: M | AI16: =SUM(D16:AH16) -> 0
A17: 9 | B17: {=TRANSPOSE('AVANCE A'!B20)} -> SILVA CEDEÑO CRISTHIAN DANIEL | C17: M | AI17: =SUM(D17:AH17) -> 0
A18: 10 | B18: {=TRANSPOSE('AVANCE A'!B21)} -> PÉREZ CALZADILLA ALAN JOSUÉ | C18: M | AI18: =SUM(D18:AH18) -> 0
A19: 11 | B19: {=TRANSPOSE('AVANCE A'!B22)} -> BRUCES GUZMÁN FRANYELIS ALEJANDRA | C19: F | AI19: =SUM(D19:AH19) -> 0
A20: 12 | B20: {=TRANSPOSE('AVANCE A'!B23)} -> VALDERRAMA BELLORÍN AARON SANTIAGO | C20: M | AI20: =SUM(D20:AH20) -> 0
A21: 13 | B21: {=TRANSPOSE('AVANCE A'!B24)} -> GUILLENT HERNÁNDEZ BRYAN MIGUEL | C21: M | AI21: =SUM(D21:AH21) -> 0
... A42: 34 | B42: {=TRANSPOSE('AVANCE A'!B45)} -> DELLA MORTE VALLENILLA SOPHIA ANTONELLA | C42: F | AI42: =SUM(D42:AH42) -> 0

Sheet AVANCE B
C1: HOJA DE LA ACTUACIÓN DEL ESTUDIANTE | T1: CALIFICACIÓN FINAL DEL ESTUDIANTE POR LAPSO
C2: EV.PARCIALES, OBJETIVOS. INSTRUMENTOS, PONDERACIÓN | P2: NIVELACIÓN | Q2: REFERENTES ÉTICOS | T2: PROMEDIO AJUSTADO AL 100% | U2: CALIFICACIÓN DEL PROFESOR | V2: CALIFICACIÓN DEL CONSEJO | X2: FIRMA DEL ESTUDIANTE
B3: UNIDAD EDUCATIVA | W3: INASISTENCIAS POR HORAS ACADÉMICAS
B4: ROBERTO CASTILLO CARDIER | C4: PRUEBA ESCRITA | D4: {=TRANSPOSE(D11)%} -> 0.1 | E4: XX | F4: {=TRANSPOSE(F11)%} -> 0.05 | H4: {=TRANSPOSE(H11)%} -> 0 | J4: {=TRANSPOSE(J11)%} -> 0 | L4: {=TRANSPOSE(L11)%} -> 0 | N4: {=TRANSPOSE(N11)%} -> 0 | O4: % | Q4: RESPONSABILIDAD | R4: AJUSTE SOCIAL | S4: APRECIACIÓN FINAL 10%
O5: =SUM(D11,F11,H11,J11,L11,N11) -> 15
A6: ÁREA: | O6: PROMEDIO
A7: CURSO: | B7: 2DO AÑO SECCIÓN "B"
A8: LAPSO: | B8: PRIMER MOMENTO PEDAGÓGICO
A9: DOCENTE: | B9: XX
A10: ESCOLARIDAD: 2026 - 2027
A11: Nº | B11: APELLIDOS Y NOMBRES | C11: CALIF | D11: 10 | E11: CALIF | F11: 5 | G11: CALIF | I11: CALIF | K11: CALIF | M11: CALIF
A12: 1 | B12: MARCANO RAMOS MARÍA PAULA | D12: =N(C12)*($D$11)/100 -> 0 | F12: =N(E12)*($F$11)/100 -> 0 | H12: =N(G12)*($H$11)/100 -> 0 | J12: =N(I12)*($J$11)/100 -> 0 | L12: =N(K12)*($L$11)/100 -> 0 | N12: =N(M12)*($N$11)/100 -> 0 | O12: =SUM(D12,F12,H12,J12,L12,N12) -> 0 | S12: =SUM(IFERROR(VALUE(SUBSTITUTE(P12,".",",")), N(P12)),IFERROR(VALUE(SUBSTITUTE(Q12,".",",")), N(Q12)),IFERROR(VALUE(SUBSTITUTE(R12,".",",")), N(R12))) -> 0 | T12: =SUM(O12,S12) -> 0 | U12: =T12 -> 0 | W12: {=TRANSPOSE('ASISTENCIA B'!AI9)} -> 2
A13: =IF(B13<>"",A12 + 1, "") -> 2 | B13: MORENO MAITA MIRANDA VALERIA | D13: =N(C13)*($D$11)/100 -> 0 | F13: =N(E13)*($F$11)/100 -> 0 | H13: =N(G13)*($H$11)/100 -> 0 | J13: =N(I13)*($J$11)/100 -> 0 | L13: =N(K13)*($L$11)/100 -> 0 | N13: =N(M13)*($N$11)/100 -> 0 | O13: =SUM(D13,F13,H13,J13,L13,N13) -> 0 | S13: =SUM(IFERROR(VALUE(SUBSTITUTE(P13,".",",")), N(P13)),IFERROR(VALUE(SUBSTITUTE(Q13,".",",")), N(Q13)),IFERROR(VALUE(SUBSTITUTE(R13,".",",")), N(R13))) -> 0 | T13: =SUM(O13,S13) -> 0 | U13: =T13 -> 0 | W13: {=TRANSPOSE('ASISTENCIA B'!AI10)} -> 0
A14: =IF(B14<>"",A13 + 1, "") -> 3 | B14: MAURERA ORDAZ ANA VALENTINA | D14: =N(C14)*($D$11)/100 -> 0 | F14: =N(E14)*($F$11)/100 -> 0 | H14: =N(G14)*($H$11)/100 -> 0 | J14: =N(I14)*($J$11)/100 -> 0 | L14: =N(K14)*($L$11)/100 -> 0 | N14: =N(M14)*($N$11)/100 -> 0 | O14: =SUM(D14,F14,H14,J14,L14,N14) -> 0 | S14: =SUM(IFERROR(VALUE(SUBSTITUTE(P14,".",",")), N(P14)),IFERROR(VALUE(SUBSTITUTE(Q14,".",",")), N(Q14)),IFERROR(VALUE(SUBSTITUTE(R14,".",",")), N(R14))) -> 0 | T14: =SUM(O14,S14) -> 0 | U14: =T14 -> 0 | W14: {=TRANSPOSE('ASISTENCIA B'!AI11)} -> 0
A15: =IF(B15<>"",A14 + 1, "") -> 4 | B15: PÉREZ CAMPOS LUCÍA VALENTINA | D15: =N(C15)*($D$11)/100 -> 0 | F15: =N(E15)*($F$11)/100 -> 0 | H15: =N(G15)*($H$11)/100 -> 0 | J15: =N(I15)*($J$11)/100 -> 0 | L15: =N(K15)*($L$11)/100 -> 0 | N15: =N(M15)*($N$11)/100 -> 0 | O15: =SUM(D15,F15,H15,J15,L15,N15) -> 0 | S15: =SUM(IFERROR(VALUE(SUBSTITUTE(P15,".",",")), N(P15)),IFERROR(VALUE(SUBSTITUTE(Q15,".",",")), N(Q15)),IFERROR(VALUE(SUBSTITUTE(R15,".",",")), N(R15))) -> 0 | T15: =SUM(O15,S15) -> 0 | U15: =T15 -> 0 | W15: {=TRANSPOSE('ASISTENCIA B'!AI12)} -> 0
A16: =IF(B16<>"",A15 + 1, "") -> 5 | B16: CAMPOS MAITA KAMILA ISABELLA DE JESÚS | D16: =N(C16)*($D$11)/100 -> 0 | F16: =N(E16)*($F$11)/100 -> 0 | H16: =N(G16)*($H$11)/100 -> 0 | J16: =N(I16)*($J$11)/100 -> 0 | L16: =N(K16)*($L$11)/100 -> 0 | N16: =N(M16)*($N$11)/100 -> 0 | O16: =SUM(D16,F16,H16,J16,L16,N16) -> 0 | S16: =SUM(IFERROR(VALUE(SUBSTITUTE(P16,".",",")), N(P16)),IFERROR(VALUE(SUBSTITUTE(Q16,".",",")), N(Q16)),IFERROR(VALUE(SUBSTITUTE(R16,".",",")), N(R16))) -> 0 | T16: =SUM(O16,S16) -> 0 | U16: =T16 -> 0 | W16: {=TRANSPOSE('ASISTENCIA B'!AI13)} -> 0
A17: =IF(B17<>"",A16 + 1, "") -> 6 | B17: MARCANO COLMENARES ANDREA VALENTINA | D17: =N(C17)*($D$11)/100 -> 0 | F17: =N(E17)*($F$11)/100 -> 0 | H17: =N(G17)*($H$11)/100 -> 0 | J17: =N(I17)*($J$11)/100 -> 0 | L17: =N(K17)*($L$11)/100 -> 0 | N17: =N(M17)*($N$11)/100 -> 0 | O17: =SUM(D17,F17,H17,J17,L17,N17) -> 0 | S17: =SUM(IFERROR(VALUE(SUBSTITUTE(P17,".",",")), N(P17)),IFERROR(VALUE(SUBSTITUTE(Q17,".",",")), N(Q17)),IFERROR(VALUE(SUBSTITUTE(R17,".",",")), N(R17))) -> 0 | T17: =SUM(O17,S17) -> 0 | U17: =T17 -> 0 | W17: {=TRANSPOSE('ASISTENCIA B'!AI14)} -> 0
A18: =IF(B18<>"",A17 + 1, "") -> 7 | B18: ARISMENDI PINO RODRIGO ALEJANDRO | D18: =N(C18)*($D$11)/100 -> 0 | F18: =N(E18)*($F$11)/100 -> 0 | H18: =N(G18)*($H$11)/100 -> 0 | J18: =N(I18)*($J$11)/100 -> 0 | L18: =N(K18)*($L$11)/100 -> 0 | N18: =N(M18)*($N$11)/100 -> 0 | O18: =SUM(D18,F18,H18,J18,L18,N18) -> 0 | S18: =SUM(IFERROR(VALUE(SUBSTITUTE(P18,".",",")), N(P18)),IFERROR(VALUE(SUBSTITUTE(Q18,".",",")), N(Q18)),IFERROR(VALUE(SUBSTITUTE(R18,".",",")), N(R18))) -> 0 | T18: =SUM(O18,S18) -> 0 | U18: =T18 -> 0 | W18: {=TRANSPOSE('ASISTENCIA B'!AI15)} -> 0
A19: =IF(B19<>"",A18 + 1, "") -> 8 | B19: GUARISMA RIVAS JOSÉ DAVID | D19: =N(C19)*($D$11)/100 -> 0 | F19: =N(E19)*($F$11)/100 -> 0 | H19: =N(G19)*($H$11)/100 -> 0 | J19: =N(I19)*($J$11)/100 -> 0 | L19: =N(K19)*($L$11)/100 -> 0 | N19: =N(M19)*($N$11)/100 -> 0 | O19: =SUM(D19,F19,H19,J19,L19,N19) -> 0 | S19: =SUM(IFERROR(VALUE(SUBSTITUTE(P19,".",",")), N(P19)),IFERROR(VALUE(SUBSTITUTE(Q19,".",",")), N(Q19)),IFERROR(VALUE(SUBSTITUTE(R19,".",",")), N(R19))) -> 0 | T19: =SUM(O19,S19) -> 0 | U19: =T19 -> 0 | W19: {=TRANSPOSE('ASISTENCIA B'!AI16)} -> 0
A20: =IF(B20<>"",A19 + 1, "") -> 9 | B20: RODRÍGUEZ LAUCHO LISMAR ELIBET | D20: =N(C20)*($D$11)/100 -> 0 | F20: =N(E20)*($F$11)/100 -> 0 | H20: =N(G20)*($H$11)/100 -> 0 | J20: =N(I20)*($J$11)/100 -> 0 | L20: =N(K20)*($L$11)/100 -> 0 | N20: =N(M20)*($N$11)/100 -> 0 | O20: =SUM(D20,F20,H20,J20,L20,N20) -> 0 | S20: =SUM(IFERROR(VALUE(SUBSTITUTE(P20,".",",")), N(P20)),IFERROR(VALUE(SUBSTITUTE(Q20,".",",")), N(Q20)),IFERROR(VALUE(SUBSTITUTE(R20,".",",")), N(R20))) -> 0 | T20: =SUM(O20,S20) -> 0 | U20: =T20 -> 0 | W20: {=TRANSPOSE('ASISTENCIA B'!AI17)} -> 0
A21: =IF(B21<>"",A20 + 1, "") -> 10 | B21: PÉREZ CABELLO EHIZA SOFIA | D21: =N(C21)*($D$11)/100 -> 0 | F21: =N(E21)*($F$11)/100 -> 0 | H21: =N(G21)*($H$11)/100 -> 0 | J21: =N(I21)*($J$11)/100 -> 0 | L21: =N(K21)*($L$11)/100 -> 0 | N21: =N(M21)*($N$11)/100 -> 0 | O21: =SUM(D21,F21,H21,J21,L21,N21) -> 0 | S21: =SUM(IFERROR(VALUE(SUBSTITUTE(P21,".",",")), N(P21)),IFERROR(VALUE(SUBSTITUTE(Q21,".",",")), N(Q21)),IFERROR(VALUE(SUBSTITUTE(R21,".",",")), N(R21))) -> 0 | T21: =SUM(O21,S21) -> 0 | U21: =T21 -> 0 | W21: {=TRANSPOSE('ASISTENCIA B'!AI18)} -> 0
A22: =IF(B22<>"",A21 + 1, "") -> 11 | B22: AGUILARTE ACUÑA ARANSSA YSABEL | D22: =N(C22)*($D$11)/100 -> 0 | F22: =N(E22)*($F$11)/100 -> 0 | H22: =N(G22)*($H$11)/100 -> 0 | J22: =N(I22)*($J$11)/100 -> 0 | L22: =N(K22)*($L$11)/100 -> 0 | N22: =N(M22)*($N$11)/100 -> 0 | O22: =SUM(D22,F22,H22,J22,L22,N22) -> 0 | S22: =SUM(IFERROR(VALUE(SUBSTITUTE(P22,".",",")), N(P22)),IFERROR(VALUE(SUBSTITUTE(Q22,".",",")), N(Q22)),IFERROR(VALUE(SUBSTITUTE(R22,".",",")), N(R22))) -> 0 | T22: =SUM(O22,S22) -> 0 | U22: =T22 -> 0 | W22: {=TRANSPOSE('ASISTENCIA B'!AI19)} -> 0
A23: =IF(B23<>"",A22 + 1, "") -> 12 | B23: MÉNDEZ PACHECO JEREMÍAS ABRAHAM | D23: =N(C23)*($D$11)/100 -> 0 | F23: =N(E23)*($F$11)/100 -> 0 | H23: =N(G23)*($H$11)/100 -> 0 | J23: =N(I23)*($J$11)/100 -> 0 | L23: =N(K23)*($L$11)/100 -> 0 | N23: =N(M23)*($N$11)/100 -> 0 | O23: =SUM(D23,F23,H23,J23,L23,N23) -> 0 | S23: =SUM(IFERROR(VALUE(SUBSTITUTE(P23,".",",")), N(P23)),IFERROR(VALUE(SUBSTITUTE(Q23,".",",")), N(Q23)),IFERROR(VALUE(SUBSTITUTE(R23,".",",")), N(R23))) -> 0 | T23: =SUM(O23,S23) -> 0 | U23: =T23 -> 0 | W23: {=TRANSPOSE('ASISTENCIA B'!AI20)} -> 0
A24: =IF(B24<>"",A23 + 1, "") -> 13 | B24: GIBBS MACUARES ALEJANDRA ISABELLA | D24: =N(C24)*($D$11)/100 -> 0 | F24: =N(E24)*($F$11)/100 -> 0 | H24: =N(G24)*($H$11)/100 -> 0 | J24: =N(I24)*($J$11)/100 -> 0 | L24: =N(K24)*($L$11)/100 -> 0 | N24: =N(M24)*($N$11)/100 -> 0 | O24: =SUM(D24,F24,H24,J24,L24,N24) -> 0 | S24: =SUM(IFERROR(VALUE(SUBSTITUTE(P24,".",",")), N(P24)),IFERROR(VALUE(SUBSTITUTE(Q24,".",",")), N(Q24)),IFERROR(VALUE(SUBSTITUTE(R24,".",",")), N(R24))) -> 0 | T24: =SUM(O24,S24) -> 0 | U24: =T24 -> 0 | W24: {=TRANSPOSE('ASISTENCIA B'!AI21)} -> 0
... A45: =IF(B45<>"",A44 + 1, "") -> 34 | B45: CALDERÓN PRIETO AVRILL VICTORIA | D45: =N(C45)*($D$11)/100 -> 0 | F45: =N(E45)*($F$11)/100 -> 0 | H45: =N(G45)*($H$11)/100 -> 0 | J45: =N(I45)*($J$11)/100 -> 0 | L45: =N(K45)*($L$11)/100 -> 0 | N45: =N(M45)*($N$11)/100 -> 0 | O45: =SUM(D45,F45,H45,J45,L45,N45) -> 0 | S45: =SUM(IFERROR(VALUE(SUBSTITUTE(P45,".",",")), N(P45)),IFERROR(VALUE(SUBSTITUTE(Q45,".",",")), N(Q45)),IFERROR(VALUE(SUBSTITUTE(R45,".",",")), N(R45))) -> 0 | T45: =SUM(O45,S45) -> 0 | U45: =T45 -> 0 | W45: {=TRANSPOSE('ASISTENCIA B'!AI42)} -> 0
A46: =IF(B46<>"",A45 + 1, "") | D46: =N(C46)*($D$11)/100 -> 0 | F46: =N(E46)*($F$11)/100 -> 0 | H46: =N(G46)*($H$11)/100 -> 0 | J46: =N(I46)*($J$11)/100 -> 0 | L46: =N(K46)*($L$11)/100 -> 0 | N46: =N(M46)*($N$11)/100 -> 0 | O46: =SUM(D46,F46,H46,J46,L46,N46) -> 0 | S46: =SUM(IFERROR(VALUE(SUBSTITUTE(P46,".",",")), N(P46)),IFERROR(VALUE(SUBSTITUTE(Q46,".",",")), N(Q46)),IFERROR(VALUE(SUBSTITUTE(R46,".",",")), N(R46))) -> 0 | T46: =SUM(O46,S46) -> 0 | U46: =T46 -> 0 | W46: {=TRANSPOSE('ASISTENCIA B'!AI43)} -> 0
A47: =IF(B47<>"",A46 + 1, "") | D47: =N(C47)*($D$11)/100 -> 0 | F47: =N(E47)*($F$11)/100 -> 0 | H47: =N(G47)*($H$11)/100 -> 0 | J47: =N(I47)*($J$11)/100 -> 0 | L47: =N(K47)*($L$11)/100 -> 0 | N47: =N(M47)*($N$11)/100 -> 0 | O47: =SUM(D47,F47,H47,J47,L47,N47) -> 0 | S47: =SUM(IFERROR(VALUE(SUBSTITUTE(P47,".",",")), N(P47)),IFERROR(VALUE(SUBSTITUTE(Q47,".",",")), N(Q47)),IFERROR(VALUE(SUBSTITUTE(R47,".",",")), N(R47))) -> 0 | T47: =SUM(O47,S47) -> 0 | U47: =T47 -> 0 | W47: {=TRANSPOSE('ASISTENCIA B'!AI44)} -> 0

Sheet ASISTENCIA B
D2: PRIMER MOMENTO PEDAGÓGICO | T2: Matrícula: | X2: =SUM(AB2,AF2) -> 34 | Z2: M | AA2: : | AB2: =COUNTIF(C9:C42,Z2) -> 13 | AD2: F | AE2: : | AF2: =COUNTIF(C9:C42,AD2) -> 21 | AI2: TOTAL INASISTENCIA MENSUAL
B3: ='AVANCE B'!B7 -> 2DO AÑO SECCIÓN "B" | D3: F E C H A
A4: DOCENTE: | B4: ='AVANCE B'!B9 -> XX
A5: ÁREA: | B5: ='AVANCE B'!B6 -> 0
A6: CONTROL DE ASISTENCIA MES DE:
A7: N° | B7: APELLIDOS Y NOMBRES | AI7: TI
C8: SEXO | D8: 1 | E8: 2 | F8: 3
A9: 1 | B9: =TRANSPOSE('AVANCE B'!B12) -> MARCANO RAMOS MARÍA PAULA | C9: F | G9: 2 | AI9: =SUM(D9:AH9) -> 2
A10: 2 | B10: {=TRANSPOSE('AVANCE B'!B13)} -> MORENO MAITA MIRANDA VALERIA | C10: F | AI10: =SUM(D10:AH10) -> 0
A11: 3 | B11: {=TRANSPOSE('AVANCE B'!B14)} -> MAURERA ORDAZ ANA VALENTINA | C11: F | AI11: =SUM(D11:AH11) -> 0
A12: 4 | B12: {=TRANSPOSE('AVANCE B'!B15)} -> PÉREZ CAMPOS LUCÍA VALENTINA | C12: F | AI12: =SUM(D12:AH12) -> 0
A13: 5 | B13: {=TRANSPOSE('AVANCE B'!B16)} -> CAMPOS MAITA KAMILA ISABELLA DE JESÚS | C13: F | AI13: =SUM(D13:AH13) -> 0
A14: 6 | B14: {=TRANSPOSE('AVANCE B'!B17)} -> MARCANO COLMENARES ANDREA VALENTINA | C14: F | AI14: =SUM(D14:AH14) -> 0
A15: 7 | B15: {=TRANSPOSE('AVANCE B'!B18)} -> ARISMENDI PINO RODRIGO ALEJANDRO | C15: M | AI15: =SUM(D15:AH15) -> 0
A16: 8 | B16: {=TRANSPOSE('AVANCE B'!B19)} -> GUARISMA RIVAS JOSÉ DAVID | C16: M | AI16: =SUM(D16:AH16) -> 0
A17: 9 | B17: {=TRANSPOSE('AVANCE B'!B20)} -> RODRÍGUEZ LAUCHO LISMAR ELIBET | C17: F | AI17: =SUM(D17:AH17) -> 0
A18: 10 | B18: {=TRANSPOSE('AVANCE B'!B21)} -> PÉREZ CABELLO EHIZA SOFIA | C18: F | AI18: =SUM(D18:AH18) -> 0
A19: 11 | B19: {=TRANSPOSE('AVANCE B'!B22)} -> AGUILARTE ACUÑA ARANSSA YSABEL | C19: F | AI19: =SUM(D19:AH19) -> 0
A20: 12 | B20: {=TRANSPOSE('AVANCE B'!B23)} -> MÉNDEZ PACHECO JEREMÍAS ABRAHAM | C20: M | AI20: =SUM(D20:AH20) -> 0
A21: 13 | B21: {=TRANSPOSE('AVANCE B'!B24)} -> GIBBS MACUARES ALEJANDRA ISABELLA | C21: F | AI21: =SUM(D21:AH21) -> 0
... A42: 34 | B42: {=TRANSPOSE('AVANCE B'!B45)} -> CALDERÓN PRIETO AVRILL VICTORIA | C42: F | AI42: =SUM(D42:AH42) -> 0

Sheet AVANCE C
C1: HOJA DE LA ACTUACIÓN DEL ESTUDIANTE | T1: CALIFICACIÓN FINAL DEL ESTUDIANTE POR LAPSO
C2: EV.PARCIALES, OBJETIVOS. INSTRUMENTOS, PONDERACIÓN | P2: NIVELACIÓN | Q2: REFERENTES ÉTICOS | T2: PROMEDIO AJUSTADO AL 100% | U2: CALIFICACIÓN DEL PROFESOR | V2: CALIFICACIÓN DEL CONSEJO | X2: FIRMA DEL ESTUDIANTE
B3: UNIDAD EDUCATIVA | W3: INASISTENCIAS POR HORAS ACADÉMICAS
B4: ROBERTO CASTILLO CARDIER | C4: PRUEBA ESCRITA | D4: {=TRANSPOSE(D11)%} -> 0.1 | E4: XX | F4: {=TRANSPOSE(F11)%} -> 0.05 | H4: {=TRANSPOSE(H11)%} -> 0 | J4: {=TRANSPOSE(J11)%} -> 0 | L4: {=TRANSPOSE(L11)%} -> 0 | N4: {=TRANSPOSE(N11)%} -> 0 | O4: % | Q4: RESPONSABILIDAD | R4: AJUSTE SOCIAL | S4: APRECIACIÓN FINAL 10%
O5: =SUM(D11,F11,H11,J11,L11,N11) -> 15
A6: ÁREA: | O6: PROMEDIO
A7: CURSO: | B7: 2DO AÑO SECCIÓN "C"
A8: LAPSO: | B8: PRIMER MOMENTO PEDAGÓGICO
A9: DOCENTE: | B9: XX
A10: ESCOLARIDAD: 2026 - 2027
A11: Nº | B11: APELLIDOS Y NOMBRES | C11: CALIF | D11: 10 | E11: CALIF | F11: 5 | G11: CALIF | I11: CALIF | K11: CALIF | M11: CALIF
A12: 1 | B12: CORTEZ OLIVARES JUAN CARLOS | D12: =N(C12)*($D$11)/100 -> 0 | F12: =N(E12)*($F$11)/100 -> 0 | H12: =N(G12)*($H$11)/100 -> 0 | J12: =N(I12)*($J$11)/100 -> 0 | L12: =N(K12)*($L$11)/100 -> 0 | N12: =N(M12)*($N$11)/100 -> 0 | O12: =SUM(D12,F12,H12,J12,L12,N12) -> 0 | S12: =SUM(IFERROR(VALUE(SUBSTITUTE(P12,".",",")), N(P12)),IFERROR(VALUE(SUBSTITUTE(Q12,".",",")), N(Q12)),IFERROR(VALUE(SUBSTITUTE(R12,".",",")), N(R12))) -> 0 | T12: =SUM(O12,S12) -> 0 | U12: =T12 -> 0 | W12: {=TRANSPOSE('ASISTENCIA C'!AI9)} -> 4
A13: =IF(B13<>"",A12 + 1, "") -> 2 | B13: RAMOS KUEFATI MARÍA GABRIELA | D13: =N(C13)*($D$11)/100 -> 0 | F13: =N(E13)*($F$11)/100 -> 0 | H13: =N(G13)*($H$11)/100 -> 0 | J13: =N(I13)*($J$11)/100 -> 0 | L13: =N(K13)*($L$11)/100 -> 0 | N13: =N(M13)*($N$11)/100 -> 0 | O13: =SUM(D13,F13,H13,J13,L13,N13) -> 0 | S13: =SUM(IFERROR(VALUE(SUBSTITUTE(P13,".",",")), N(P13)),IFERROR(VALUE(SUBSTITUTE(Q13,".",",")), N(Q13)),IFERROR(VALUE(SUBSTITUTE(R13,".",",")), N(R13))) -> 0 | T13: =SUM(O13,S13) -> 0 | U13: =T13 -> 0 | W13: {=TRANSPOSE('ASISTENCIA C'!AI10)} -> 0
A14: =IF(B14<>"",A13 + 1, "") -> 3 | B14: QUINTERO RODRIGUEZ BIANCA ANABELLE | D14: =N(C14)*($D$11)/100 -> 0 | F14: =N(E14)*($F$11)/100 -> 0 | H14: =N(G14)*($H$11)/100 -> 0 | J14: =N(I14)*($J$11)/100 -> 0 | L14: =N(K14)*($L$11)/100 -> 0 | N14: =N(M14)*($N$11)/100 -> 0 | O14: =SUM(D14,F14,H14,J14,L14,N14) -> 0 | S14: =SUM(IFERROR(VALUE(SUBSTITUTE(P14,".",",")), N(P14)),IFERROR(VALUE(SUBSTITUTE(Q14,".",",")), N(Q14)),IFERROR(VALUE(SUBSTITUTE(R14,".",",")), N(R14))) -> 0 | T14: =SUM(O14,S14) -> 0 | U14: =T14 -> 0 | W14: {=TRANSPOSE('ASISTENCIA C'!AI11)} -> 0
A15: =IF(B15<>"",A14 + 1, "") -> 4 | B15: MACHADO ZACARÍAS CYNTHIA LUCÍA | D15: =N(C15)*($D$11)/100 -> 0 | F15: =N(E15)*($F$11)/100 -> 0 | H15: =N(G15)*($H$11)/100 -> 0 | J15: =N(I15)*($J$11)/100 -> 0 | L15: =N(K15)*($L$11)/100 -> 0 | N15: =N(M15)*($N$11)/100 -> 0 | O15: =SUM(D15,F15,H15,J15,L15,N15) -> 0 | S15: =SUM(IFERROR(VALUE(SUBSTITUTE(P15,".",",")), N(P15)),IFERROR(VALUE(SUBSTITUTE(Q15,".",",")), N(Q15)),IFERROR(VALUE(SUBSTITUTE(R15,".",",")), N(R15))) -> 0 | T15: =SUM(O15,S15) -> 0 | U15: =T15 -> 0 | W15: {=TRANSPOSE('ASISTENCIA C'!AI12)} -> 0
A16: =IF(B16<>"",A15 + 1, "") -> 5 | B16: ROJAS LÓPEZ MELANY SOPHIA | D16: =N(C16)*($D$11)/100 -> 0 | F16: =N(E16)*($F$11)/100 -> 0 | H16: =N(G16)*($H$11)/100 -> 0 | J16: =N(I16)*($J$11)/100 -> 0 | L16: =N(K16)*($L$11)/100 -> 0 | N16: =N(M16)*($N$11)/100 -> 0 | O16: =SUM(D16,F16,H16,J16,L16,N16) -> 0 | S16: =SUM(IFERROR(VALUE(SUBSTITUTE(P16,".",",")), N(P16)),IFERROR(VALUE(SUBSTITUTE(Q16,".",",")), N(Q16)),IFERROR(VALUE(SUBSTITUTE(R16,".",",")), N(R16))) -> 0 | T16: =SUM(O16,S16) -> 0 | U16: =T16 -> 0 | W16: {=TRANSPOSE('ASISTENCIA C'!AI13)} -> 0
A17: =IF(B17<>"",A16 + 1, "") -> 6 | B17: LÁREZ ALCALÁ KAROL DEL VALLE | D17: =N(C17)*($D$11)/100 -> 0 | F17: =N(E17)*($F$11)/100 -> 0 | H17: =N(G17)*($H$11)/100 -> 0 | J17: =N(I17)*($J$11)/100 -> 0 | L17: =N(K17)*($L$11)/100 -> 0 | N17: =N(M17)*($N$11)/100 -> 0 | O17: =SUM(D17,F17,H17,J17,L17,N17) -> 0 | S17: =SUM(IFERROR(VALUE(SUBSTITUTE(P17,".",",")), N(P17)),IFERROR(VALUE(SUBSTITUTE(Q17,".",",")), N(Q17)),IFERROR(VALUE(SUBSTITUTE(R17,".",",")), N(R17))) -> 0 | T17: =SUM(O17,S17) -> 0 | U17: =T17 -> 0 | W17: {=TRANSPOSE('ASISTENCIA C'!AI14)} -> 0
A18: =IF(B18<>"",A17 + 1, "") -> 7 | B18: GRANDA VIVAS ÁNGEL IBRAHIN | D18: =N(C18)*($D$11)/100 -> 0 | F18: =N(E18)*($F$11)/100 -> 0 | H18: =N(G18)*($H$11)/100 -> 0 | J18: =N(I18)*($J$11)/100 -> 0 | L18: =N(K18)*($L$11)/100 -> 0 | N18: =N(M18)*($N$11)/100 -> 0 | O18: =SUM(D18,F18,H18,J18,L18,N18) -> 0 | S18: =SUM(IFERROR(VALUE(SUBSTITUTE(P18,".",",")), N(P18)),IFERROR(VALUE(SUBSTITUTE(Q18,".",",")), N(Q18)),IFERROR(VALUE(SUBSTITUTE(R18,".",",")), N(R18))) -> 0 | T18: =SUM(O18,S18) -> 0 | U18: =T18 -> 0 | W18: {=TRANSPOSE('ASISTENCIA C'!AI15)} -> 0
A19: =IF(B19<>"",A18 + 1, "") -> 8 | B19: PÉREZ ACOSTA FELIPE ALEJANDRO | D19: =N(C19)*($D$11)/100 -> 0 | F19: =N(E19)*($F$11)/100 -> 0 | H19: =N(G19)*($H$11)/100 -> 0 | J19: =N(I19)*($J$11)/100 -> 0 | L19: =N(K19)*($L$11)/100 -> 0 | N19: =N(M19)*($N$11)/100 -> 0 | O19: =SUM(D19,F19,H19,J19,L19,N19) -> 0 | S19: =SUM(IFERROR(VALUE(SUBSTITUTE(P19,".",",")), N(P19)),IFERROR(VALUE(SUBSTITUTE(Q19,".",",")), N(Q19)),IFERROR(VALUE(SUBSTITUTE(R19,".",",")), N(R19))) -> 0 | T19: =SUM(O19,S19) -> 0 | U19: =T19 -> 0 | W19: {=TRANSPOSE('ASISTENCIA C'!AI16)} -> 0
A20: =IF(B20<>"",A19 + 1, "") -> 9 | B20: REQUENA BELMONTE JUAN CAMILO | D20: =N(C20)*($D$11)/100 -> 0 | F20: =N(E20)*($F$11)/100 -> 0 | H20: =N(G20)*($H$11)/100 -> 0 | J20: =N(I20)*($J$11)/100 -> 0 | L20: =N(K20)*($L$11)/100 -> 0 | N20: =N(M20)*($N$11)/100 -> 0 | O20: =SUM(D20,F20,H20,J20,L20,N20) -> 0 | S20: =SUM(IFERROR(VALUE(SUBSTITUTE(P20,".",",")), N(P20)),IFERROR(VALUE(SUBSTITUTE(Q20,".",",")), N(Q20)),IFERROR(VALUE(SUBSTITUTE(R20,".",",")), N(R20))) -> 0 | T20: =SUM(O20,S20) -> 0 | U20: =T20 -> 0 | W20: {=TRANSPOSE('ASISTENCIA C'!AI17)} -> 0
A21: =IF(B21<>"",A20 + 1, "") -> 10 | B21: PÉREZ BERRIOS SANTIAGO JESÚS | D21: =N(C21)*($D$11)/100 -> 0 | F21: =N(E21)*($F$11)/100 -> 0 | H21: =N(G21)*($H$11)/100 -> 0 | J21: =N(I21)*($J$11)/100 -> 0 | L21: =N(K21)*($L$11)/100 -> 0 | N21: =N(M21)*($N$11)/100 -> 0 | O21: =SUM(D21,F21,H21,J21,L21,N21) -> 0 | S21: =SUM(IFERROR(VALUE(SUBSTITUTE(P21,".",",")), N(P21)),IFERROR(VALUE(SUBSTITUTE(Q21,".",",")), N(Q21)),IFERROR(VALUE(SUBSTITUTE(R21,".",",")), N(R21))) -> 0 | T21: =SUM(O21,S21) -> 0 | U21: =T21 -> 0 | W21: {=TRANSPOSE('ASISTENCIA C'!AI18)} -> 0
A22: =IF(B22<>"",A21 + 1, "") -> 11 | B22: SUCRE VIANI ANTHONELLA SOFÍA | D22: =N(C22)*($D$11)/100 -> 0 | F22: =N(E22)*($F$11)/100 -> 0 | H22: =N(G22)*($H$11)/100 -> 0 | J22: =N(I22)*($J$11)/100 -> 0 | L22: =N(K22)*($L$11)/100 -> 0 | N22: =N(M22)*($N$11)/100 -> 0 | O22: =SUM(D22,F22,H22,J22,L22,N22) -> 0 | S22: =SUM(IFERROR(VALUE(SUBSTITUTE(P22,".",",")), N(P22)),IFERROR(VALUE(SUBSTITUTE(Q22,".",",")), N(Q22)),IFERROR(VALUE(SUBSTITUTE(R22,".",",")), N(R22))) -> 0 | T22: =SUM(O22,S22) -> 0 | U22: =T22 -> 0 | W22: {=TRANSPOSE('ASISTENCIA C'!AI19)} -> 0
A23: =IF(B23<>"",A22 + 1, "") -> 12 | B23: CERMEÑO GÓMEZ SALOMÓN ADONAI | D23: =N(C23)*($D$11)/100 -> 0 | F23: =N(E23)*($F$11)/100 -> 0 | H23: =N(G23)*($H$11)/100 -> 0 | J23: =N(I23)*($J$11)/100 -> 0 | L23: =N(K23)*($L$11)/100 -> 0 | N23: =N(M23)*($N$11)/100 -> 0 | O23: =SUM(D23,F23,H23,J23,L23,N23) -> 0 | S23: =SUM(IFERROR(VALUE(SUBSTITUTE(P23,".",",")), N(P23)),IFERROR(VALUE(SUBSTITUTE(Q23,".",",")), N(Q23)),IFERROR(VALUE(SUBSTITUTE(R23,".",",")), N(R23))) -> 0 | T23: =SUM(O23,S23) -> 0 | U23: =T23 -> 0 | W23: {=TRANSPOSE('ASISTENCIA C'!AI20)} -> 0
A24: =IF(B24<>"",A23 + 1, "") -> 13 | B24: HERRERA GUARIMÁN SAMANTHA SARAHI | D24: =N(C24)*($D$11)/100 -> 0 | F24: =N(E24)*($F$11)/100 -> 0 | H24: =N(G24)*($H$11)/100 -> 0 | J24: =N(I24)*($J$11)/100 -> 0 | L24: =N(K24)*($L$11)/100 -> 0 | N24: =N(M24)*($N$11)/100 -> 0 | O24: =SUM(D24,F24,H24,J24,L24,N24) -> 0 | S24: =SUM(IFERROR(VALUE(SUBSTITUTE(P24,".",",")), N(P24)),IFERROR(VALUE(SUBSTITUTE(Q24,".",",")), N(Q24)),IFERROR(VALUE(SUBSTITUTE(R24,".",",")), N(R24))) -> 0 | T24: =SUM(O24,S24) -> 0 | U24: =T24 -> 0 | W24: {=TRANSPOSE('ASISTENCIA C'!AI21)} -> 0
... A45: =IF(B45<>"",A44 + 1, "") -> 34 | B45: DUERTO FLORES REYSELIS NOHEMI | D45: =N(C45)*($D$11)/100 -> 0 | F45: =N(E45)*($F$11)/100 -> 0 | H45: =N(G45)*($H$11)/100 -> 0 | J45: =N(I45)*($J$11)/100 -> 0 | L45: =N(K45)*($L$11)/100 -> 0 | N45: =N(M45)*($N$11)/100 -> 0 | O45: =SUM(D45,F45,H45,J45,L45,N45) -> 0 | S45: =SUM(IFERROR(VALUE(SUBSTITUTE(P45,".",",")), N(P45)),IFERROR(VALUE(SUBSTITUTE(Q45,".",",")), N(Q45)),IFERROR(VALUE(SUBSTITUTE(R45,".",",")), N(R45))) -> 0 | T45: =SUM(O45,S45) -> 0 | U45: =T45 -> 0 | W45: {=TRANSPOSE('ASISTENCIA C'!AI42)} -> 0
A46: =IF(B46<>"",A45 + 1, "") | D46: =N(C46)*($D$11)/100 -> 0 | F46: =N(E46)*($F$11)/100 -> 0 | H46: =N(G46)*($H$11)/100 -> 0 | J46: =N(I46)*($J$11)/100 -> 0 | L46: =N(K46)*($L$11)/100 -> 0 | N46: =N(M46)*($N$11)/100 -> 0 | O46: =SUM(D46,F46,H46,J46,L46,N46) -> 0 | S46: =SUM(IFERROR(VALUE(SUBSTITUTE(P46,".",",")), N(P46)),IFERROR(VALUE(SUBSTITUTE(Q46,".",",")), N(Q46)),IFERROR(VALUE(SUBSTITUTE(R46,".",",")), N(R46))) -> 0 | T46: =SUM(O46,S46) -> 0 | U46: =T46 -> 0 | W46: {=TRANSPOSE('ASISTENCIA C'!AI43)} -> 0
A47: =IF(B47<>"",A46 + 1, "") | D47: =N(C47)*($D$11)/100 -> 0 | F47: =N(E47)*($F$11)/100 -> 0 | H47: =N(G47)*($H$11)/100 -> 0 | J47: =N(I47)*($J$11)/100 -> 0 | L47: =N(K47)*($L$11)/100 -> 0 | N47: =N(M47)*($N$11)/100 -> 0 | O47: =SUM(D47,F47,H47,J47,L47,N47) -> 0 | S47: =SUM(IFERROR(VALUE(SUBSTITUTE(P47,".",",")), N(P47)),IFERROR(VALUE(SUBSTITUTE(Q47,".",",")), N(Q47)),IFERROR(VALUE(SUBSTITUTE(R47,".",",")), N(R47))) -> 0 | T47: =SUM(O47,S47) -> 0 | U47: =T47 -> 0 | W47: {=TRANSPOSE('ASISTENCIA C'!AI44)} -> 0
W48: {=TRANSPOSE('ASISTENCIA C'!AI45)} -> 0

Sheet ASISTENCIA C
D2: PRIMER MOMENTO PEDAGÓGICO | T2: Matrícula: | X2: =SUM(AB2,AF2) -> 34 | Z2: M | AA2: : | AB2: =COUNTIF(C9:C42,Z2) -> 13 | AD2: F | AE2: : | AF2: =COUNTIF(C9:C42,AD2) -> 21 | AI2: TOTAL INASISTENCIA MENSUAL
B3: ='AVANCE C'!B7 -> 2DO AÑO SECCIÓN "C" | D3: F E C H A
A4: DOCENTE: | B4: ='AVANCE C'!B9 -> XX
A5: ÁREA: | B5: ='AVANCE C'!B6 -> 0
A6: CONTROL DE ASISTENCIA MES DE:
A7: N° | B7: APELLIDOS Y NOMBRES | AI7: TI
C8: SEXO | D8: 1 | E8: 2 | F8: 3
A9: 1 | B9: =TRANSPOSE('AVANCE C'!B12) -> CORTEZ OLIVARES JUAN CARLOS | C9: M | F9: 4 | AI9: =SUM(D9:AH9) -> 4
A10: 2 | B10: {=TRANSPOSE('AVANCE C'!B13)} -> RAMOS KUEFATI MARÍA GABRIELA | C10: F | AI10: =SUM(D10:AH10) -> 0
A11: 3 | B11: {=TRANSPOSE('AVANCE C'!B14)} -> QUINTERO RODRIGUEZ BIANCA ANABELLE | C11: F | AI11: =SUM(D11:AH11) -> 0
A12: 4 | B12: {=TRANSPOSE('AVANCE C'!B15)} -> MACHADO ZACARÍAS CYNTHIA LUCÍA | C12: F | AI12: =SUM(D12:AH12) -> 0
A13: 5 | B13: {=TRANSPOSE('AVANCE C'!B16)} -> ROJAS LÓPEZ MELANY SOPHIA | C13: F | AI13: =SUM(D13:AH13) -> 0
A14: 6 | B14: {=TRANSPOSE('AVANCE C'!B17)} -> LÁREZ ALCALÁ KAROL DEL VALLE | C14: F | AI14: =SUM(D14:AH14) -> 0
A15: 7 | B15: {=TRANSPOSE('AVANCE C'!B18)} -> GRANDA VIVAS ÁNGEL IBRAHIN | C15: M | AI15: =SUM(D15:AH15) -> 0
A16: 8 | B16: {=TRANSPOSE('AVANCE C'!B19)} -> PÉREZ ACOSTA FELIPE ALEJANDRO | C16: M | AI16: =SUM(D16:AH16) -> 0
A17: 9 | B17: {=TRANSPOSE('AVANCE C'!B20)} -> REQUENA BELMONTE JUAN CAMILO | C17: M | AI17: =SUM(D17:AH17) -> 0
A18: 10 | B18: {=TRANSPOSE('AVANCE C'!B21)} -> PÉREZ BERRIOS SANTIAGO JESÚS | C18: M | AI18: =SUM(D18:AH18) -> 0
A19: 11 | B19: {=TRANSPOSE('AVANCE C'!B22)} -> SUCRE VIANI ANTHONELLA SOFÍA | C19: F | AI19: =SUM(D19:AH19) -> 0
A20: 12 | B20: {=TRANSPOSE('AVANCE C'!B23)} -> CERMEÑO GÓMEZ SALOMÓN ADONAI | C20: M | AI20: =SUM(D20:AH20) -> 0
A21: 13 | B21: {=TRANSPOSE('AVANCE C'!B24)} -> HERRERA GUARIMÁN SAMANTHA SARAHI | C21: F | AI21: =SUM(D21:AH21) -> 0
... A42: 34 | B42: {=TRANSPOSE('AVANCE C'!B45)} -> DUERTO FLORES REYSELIS NOHEMI | C42: F | AI42: =SUM(D42:AH42) -> 0

Sheet AVANCE D
C1: HOJA DE LA ACTUACIÓN DEL ESTUDIANTE | T1: CALIFICACIÓN FINAL DEL ESTUDIANTE POR LAPSO
C2: EV.PARCIALES, OBJETIVOS. INSTRUMENTOS, PONDERACIÓN | P2: NIVELACIÓN | Q2: REFERENTES ÉTICOS | T2: PROMEDIO AJUSTADO AL 100% | U2: CALIFICACIÓN DEL PROFESOR | V2: CALIFICACIÓN DEL CONSEJO | X2: FIRMA DEL ESTUDIANTE
B3: UNIDAD EDUCATIVA | W3: INASISTENCIAS POR HORAS ACADÉMICAS
B4: ROBERTO CASTILLO CARDIER | C4: PRUEBA ESCRITA | D4: {=TRANSPOSE(D11)%} -> 0.1 | E4: XX | F4: {=TRANSPOSE(F11)%} -> 0.05 | H4: {=TRANSPOSE(H11)%} -> 0 | J4: {=TRANSPOSE(J11)%} -> 0 | L4: {=TRANSPOSE(L11)%} -> 0 | N4: {=TRANSPOSE(N11)%} -> 0 | O4: % | Q4: RESPONSABILIDAD | R4: AJUSTE SOCIAL | S4: APRECIACIÓN FINAL 10%
O5: =SUM(D11,F11,H11,J11,L11,N11) -> 15
A6: ÁREA: | O6: PROMEDIO
A7: CURSO: | B7: 2DO AÑO SECCIÓN "D"
A8: LAPSO: | B8: PRIMER MOMENTO PEDAGÓGICO
A9: DOCENTE: | B9: XX
A10: ESCOLARIDAD: 2026 - 2027
A11: Nº | B11: APELLIDOS Y NOMBRES | C11: CALIF | D11: 10 | E11: CALIF | F11: 5 | G11: CALIF | I11: CALIF | K11: CALIF | M11: CALIF
A12: 1 | B12: EVANS ROJAS JOHN ANTHONY | D12: =N(C12)*($D$11)/100 -> 0 | F12: =N(E12)*($F$11)/100 -> 0 | H12: =N(G12)*($H$11)/100 -> 0 | J12: =N(I12)*($J$11)/100 -> 0 | L12: =N(K12)*($L$11)/100 -> 0 | N12: =N(M12)*($N$11)/100 -> 0 | O12: =SUM(D12,F12,H12,J12,L12,N12) -> 0 | S12: =SUM(IFERROR(VALUE(SUBSTITUTE(P12,".",",")), N(P12)),IFERROR(VALUE(SUBSTITUTE(Q12,".",",")), N(Q12)),IFERROR(VALUE(SUBSTITUTE(R12,".",",")), N(R12))) -> 0 | T12: =SUM(O12,S12) -> 0 | U12: =T12 -> 0 | W12: {=TRANSPOSE('ASISTENCIA D'!AI9)} -> 4
A13: =IF(B13<>"",A12 + 1, "") -> 2 | B13: PÁEZ PEÑA CÉSAR IGNACIO | D13: =N(C13)*($D$11)/100 -> 0 | F13: =N(E13)*($F$11)/100 -> 0 | H13: =N(G13)*($H$11)/100 -> 0 | J13: =N(I13)*($J$11)/100 -> 0 | L13: =N(K13)*($L$11)/100 -> 0 | N13: =N(M13)*($N$11)/100 -> 0 | O13: =SUM(D13,F13,H13,J13,L13,N13) -> 0 | S13: =SUM(IFERROR(VALUE(SUBSTITUTE(P13,".",",")), N(P13)),IFERROR(VALUE(SUBSTITUTE(Q13,".",",")), N(Q13)),IFERROR(VALUE(SUBSTITUTE(R13,".",",")), N(R13))) -> 0 | T13: =SUM(O13,S13) -> 0 | U13: =T13 -> 0 | W13: {=TRANSPOSE('ASISTENCIA D'!AI10)} -> 0
A14: =IF(B14<>"",A13 + 1, "") -> 3 | B14: GARCÍA SALAZAR SOPHIA ISABEL | D14: =N(C14)*($D$11)/100 -> 0 | F14: =N(E14)*($F$11)/100 -> 0 | H14: =N(G14)*($H$11)/100 -> 0 | J14: =N(I14)*($J$11)/100 -> 0 | L14: =N(K14)*($L$11)/100 -> 0 | N14: =N(M14)*($N$11)/100 -> 0 | O14: =SUM(D14,F14,H14,J14,L14,N14) -> 0 | S14: =SUM(IFERROR(VALUE(SUBSTITUTE(P14,".",",")), N(P14)),IFERROR(VALUE(SUBSTITUTE(Q14,".",",")), N(Q14)),IFERROR(VALUE(SUBSTITUTE(R14,".",",")), N(R14))) -> 0 | T14: =SUM(O14,S14) -> 0 | U14: =T14 -> 0 | W14: {=TRANSPOSE('ASISTENCIA D'!AI11)} -> 0
A15: =IF(B15<>"",A14 + 1, "") -> 4 | B15: ROJAS MATA ISMAEL JOSÉ | D15: =N(C15)*($D$11)/100 -> 0 | F15: =N(E15)*($F$11)/100 -> 0 | H15: =N(G15)*($H$11)/100 -> 0 | J15: =N(I15)*($J$11)/100 -> 0 | L15: =N(K15)*($L$11)/100 -> 0 | N15: =N(M15)*($N$11)/100 -> 0 | O15: =SUM(D15,F15,H15,J15,L15,N15) -> 0 | S15: =SUM(IFERROR(VALUE(SUBSTITUTE(P15,".",",")), N(P15)),IFERROR(VALUE(SUBSTITUTE(Q15,".",",")), N(Q15)),IFERROR(VALUE(SUBSTITUTE(R15,".",",")), N(R15))) -> 0 | T15: =SUM(O15,S15) -> 0 | U15: =T15 -> 0 | W15: {=TRANSPOSE('ASISTENCIA D'!AI12)} -> 0
A16: =IF(B16<>"",A15 + 1, "") -> 5 | B16: MAITA LANDAETA ISABELLA VALENTINA | D16: =N(C16)*($D$11)/100 -> 0 | F16: =N(E16)*($F$11)/100 -> 0 | H16: =N(G16)*($H$11)/100 -> 0 | J16: =N(I16)*($J$11)/100 -> 0 | L16: =N(K16)*($L$11)/100 -> 0 | N16: =N(M16)*($N$11)/100 -> 0 | O16: =SUM(D16,F16,H16,J16,L16,N16) -> 0 | S16: =SUM(IFERROR(VALUE(SUBSTITUTE(P16,".",",")), N(P16)),IFERROR(VALUE(SUBSTITUTE(Q16,".",",")), N(Q16)),IFERROR(VALUE(SUBSTITUTE(R16,".",",")), N(R16))) -> 0 | T16: =SUM(O16,S16) -> 0 | U16: =T16 -> 0 | W16: {=TRANSPOSE('ASISTENCIA D'!AI13)} -> 0
A17: =IF(B17<>"",A16 + 1, "") -> 6 | B17: CASTILLO YBAÑEZ ERIKXANDER JEREMIA | D17: =N(C17)*($D$11)/100 -> 0 | F17: =N(E17)*($F$11)/100 -> 0 | H17: =N(G17)*($H$11)/100 -> 0 | J17: =N(I17)*($J$11)/100 -> 0 | L17: =N(K17)*($L$11)/100 -> 0 | N17: =N(M17)*($N$11)/100 -> 0 | O17: =SUM(D17,F17,H17,J17,L17,N17) -> 0 | S17: =SUM(IFERROR(VALUE(SUBSTITUTE(P17,".",",")), N(P17)),IFERROR(VALUE(SUBSTITUTE(Q17,".",",")), N(Q17)),IFERROR(VALUE(SUBSTITUTE(R17,".",",")), N(R17))) -> 0 | T17: =SUM(O17,S17) -> 0 | U17: =T17 -> 0 | W17: {=TRANSPOSE('ASISTENCIA D'!AI14)} -> 0
A18: =IF(B18<>"",A17 + 1, "") -> 7 | B18: BRUCES ROCCA MARÍA FERNANDA | D18: =N(C18)*($D$11)/100 -> 0 | F18: =N(E18)*($F$11)/100 -> 0 | H18: =N(G18)*($H$11)/100 -> 0 | J18: =N(I18)*($J$11)/100 -> 0 | L18: =N(K18)*($L$11)/100 -> 0 | N18: =N(M18)*($N$11)/100 -> 0 | O18: =SUM(D18,F18,H18,J18,L18,N18) -> 0 | S18: =SUM(IFERROR(VALUE(SUBSTITUTE(P18,".",",")), N(P18)),IFERROR(VALUE(SUBSTITUTE(Q18,".",",")), N(Q18)),IFERROR(VALUE(SUBSTITUTE(R18,".",",")), N(R18))) -> 0 | T18: =SUM(O18,S18) -> 0 | U18: =T18 -> 0 | W18: {=TRANSPOSE('ASISTENCIA D'!AI15)} -> 0
A19: =IF(B19<>"",A18 + 1, "") -> 8 | B19: PALMA CARCAMO ARANTZA SOPHIA | D19: =N(C19)*($D$11)/100 -> 0 | F19: =N(E19)*($F$11)/100 -> 0 | H19: =N(G19)*($H$11)/100 -> 0 | J19: =N(I19)*($J$11)/100 -> 0 | L19: =N(K19)*($L$11)/100 -> 0 | N19: =N(M19)*($N$11)/100 -> 0 | O19: =SUM(D19,F19,H19,J19,L19,N19) -> 0 | S19: =SUM(IFERROR(VALUE(SUBSTITUTE(P19,".",",")), N(P19)),IFERROR(VALUE(SUBSTITUTE(Q19,".",",")), N(Q19)),IFERROR(VALUE(SUBSTITUTE(R19,".",",")), N(R19))) -> 0 | T19: =SUM(O19,S19) -> 0 | U19: =T19 -> 0 | W19: {=TRANSPOSE('ASISTENCIA D'!AI16)} -> 0
A20: =IF(B20<>"",A19 + 1, "") -> 9 | B20: BURGUILLOS GUIRIGAY EDGAR LUIS | D20: =N(C20)*($D$11)/100 -> 0 | F20: =N(E20)*($F$11)/100 -> 0 | H20: =N(G20)*($H$11)/100 -> 0 | J20: =N(I20)*($J$11)/100 -> 0 | L20: =N(K20)*($L$11)/100 -> 0 | N20: =N(M20)*($N$11)/100 -> 0 | O20: =SUM(D20,F20,H20,J20,L20,N20) -> 0 | S20: =SUM(IFERROR(VALUE(SUBSTITUTE(P20,".",",")), N(P20)),IFERROR(VALUE(SUBSTITUTE(Q20,".",",")), N(Q20)),IFERROR(VALUE(SUBSTITUTE(R20,".",",")), N(R20))) -> 0 | T20: =SUM(O20,S20) -> 0 | U20: =T20 -> 0 | W20: {=TRANSPOSE('ASISTENCIA D'!AI17)} -> 0
A21: =IF(B21<>"",A20 + 1, "") -> 10 | B21: URBANO CHAURAN ANA PAULA DEL CARMEN | D21: =N(C21)*($D$11)/100 -> 0 | F21: =N(E21)*($F$11)/100 -> 0 | H21: =N(G21)*($H$11)/100 -> 0 | J21: =N(I21)*($J$11)/100 -> 0 | L21: =N(K21)*($L$11)/100 -> 0 | N21: =N(M21)*($N$11)/100 -> 0 | O21: =SUM(D21,F21,H21,J21,L21,N21) -> 0 | S21: =SUM(IFERROR(VALUE(SUBSTITUTE(P21,".",",")), N(P21)),IFERROR(VALUE(SUBSTITUTE(Q21,".",",")), N(Q21)),IFERROR(VALUE(SUBSTITUTE(R21,".",",")), N(R21))) -> 0 | T21: =SUM(O21,S21) -> 0 | U21: =T21 -> 0 | W21: {=TRANSPOSE('ASISTENCIA D'!AI18)} -> 0
A22: =IF(B22<>"",A21 + 1, "") -> 11 | B22: GÓMEZ MÉNDEZ LUIS MAXIMILIANO | D22: =N(C22)*($D$11)/100 -> 0 | F22: =N(E22)*($F$11)/100 -> 0 | H22: =N(G22)*($H$11)/100 -> 0 | J22: =N(I22)*($J$11)/100 -> 0 | L22: =N(K22)*($L$11)/100 -> 0 | N22: =N(M22)*($N$11)/100 -> 0 | O22: =SUM(D22,F22,H22,J22,L22,N22) -> 0 | S22: =SUM(IFERROR(VALUE(SUBSTITUTE(P22,".",",")), N(P22)),IFERROR(VALUE(SUBSTITUTE(Q22,".",",")), N(Q22)),IFERROR(VALUE(SUBSTITUTE(R22,".",",")), N(R22))) -> 0 | T22: =SUM(O22,S22) -> 0 | U22: =T22 -> 0 | W22: {=TRANSPOSE('ASISTENCIA D'!AI19)} -> 0
A23: =IF(B23<>"",A22 + 1, "") -> 12 | B23: REBOLLEDO PÉREZ MIGUEL ÁNGEL | D23: =N(C23)*($D$11)/100 -> 0 | F23: =N(E23)*($F$11)/100 -> 0 | H23: =N(G23)*($H$11)/100 -> 0 | J23: =N(I23)*($J$11)/100 -> 0 | L23: =N(K23)*($L$11)/100 -> 0 | N23: =N(M23)*($N$11)/100 -> 0 | O23: =SUM(D23,F23,H23,J23,L23,N23) -> 0 | S23: =SUM(IFERROR(VALUE(SUBSTITUTE(P23,".",",")), N(P23)),IFERROR(VALUE(SUBSTITUTE(Q23,".",",")), N(Q23)),IFERROR(VALUE(SUBSTITUTE(R23,".",",")), N(R23))) -> 0 | T23: =SUM(O23,S23) -> 0 | U23: =T23 -> 0 | W23: {=TRANSPOSE('ASISTENCIA D'!AI20)} -> 0
A24: =IF(B24<>"",A23 + 1, "") -> 13 | B24: QUIJADA GARCÍA LUIS EDUARDO | D24: =N(C24)*($D$11)/100 -> 0 | F24: =N(E24)*($F$11)/100 -> 0 | H24: =N(G24)*($H$11)/100 -> 0 | J24: =N(I24)*($J$11)/100 -> 0 | L24: =N(K24)*($L$11)/100 -> 0 | N24: =N(M24)*($N$11)/100 -> 0 | O24: =SUM(D24,F24,H24,J24,L24,N24) -> 0 | S24: =SUM(IFERROR(VALUE(SUBSTITUTE(P24,".",",")), N(P24)),IFERROR(VALUE(SUBSTITUTE(Q24,".",",")), N(Q24)),IFERROR(VALUE(SUBSTITUTE(R24,".",",")), N(R24))) -> 0 | T24: =SUM(O24,S24) -> 0 | U24: =T24 -> 0 | W24: {=TRANSPOSE('ASISTENCIA D'!AI21)} -> 0
... A45: =IF(B45<>"",A44 + 1, "") -> 34 | B45: QUIJADA ORSINI MEYLER ALEXANDER | D45: =N(C45)*($D$11)/100 -> 0 | F45: =N(E45)*($F$11)/100 -> 0 | H45: =N(G45)*($H$11)/100 -> 0 | J45: =N(I45)*($J$11)/100 -> 0 | L45: =N(K45)*($L$11)/100 -> 0 | N45: =N(M45)*($N$11)/100 -> 0 | O45: =SUM(D45,F45,H45,J45,L45,N45) -> 0 | S45: =SUM(IFERROR(VALUE(SUBSTITUTE(P45,".",",")), N(P45)),IFERROR(VALUE(SUBSTITUTE(Q45,".",",")), N(Q45)),IFERROR(VALUE(SUBSTITUTE(R45,".",",")), N(R45))) -> 0 | T45: =SUM(O45,S45) -> 0 | U45: =T45 -> 0 | W45: {=TRANSPOSE('ASISTENCIA D'!AI42)} -> 0
A46: =IF(B46<>"",A45 + 1, "") | D46: =N(C46)*($D$11)/100 -> 0 | F46: =N(E46)*($F$11)/100 -> 0 | H46: =N(G46)*($H$11)/100 -> 0 | J46: =N(I46)*($J$11)/100 -> 0 | L46: =N(K46)*($L$11)/100 -> 0 | N46: =N(M46)*($N$11)/100 -> 0 | O46: =SUM(D46,F46,H46,J46,L46,N46) -> 0 | S46: =SUM(IFERROR(VALUE(SUBSTITUTE(P46,".",",")), N(P46)),IFERROR(VALUE(SUBSTITUTE(Q46,".",",")), N(Q46)),IFERROR(VALUE(SUBSTITUTE(R46,".",",")), N(R46))) -> 0 | T46: =SUM(O46,S46) -> 0 | U46: =T46 -> 0 | W46: {=TRANSPOSE('ASISTENCIA D'!AI43)} -> 0
A47: =IF(B47<>"",A46 + 1, "") | D47: =N(C47)*($D$11)/100 -> 0 | F47: =N(E47)*($F$11)/100 -> 0 | H47: =N(G47)*($H$11)/100 -> 0 | J47: =N(I47)*($J$11)/100 -> 0 | L47: =N(K47)*($L$11)/100 -> 0 | N47: =N(M47)*($N$11)/100 -> 0 | O47: =SUM(D47,F47,H47,J47,L47,N47) -> 0 | S47: =SUM(IFERROR(VALUE(SUBSTITUTE(P47,".",",")), N(P47)),IFERROR(VALUE(SUBSTITUTE(Q47,".",",")), N(Q47)),IFERROR(VALUE(SUBSTITUTE(R47,".",",")), N(R47))) -> 0 | T47: =SUM(O47,S47) -> 0 | U47: =T47 -> 0 | W47: {=TRANSPOSE('ASISTENCIA D'!AI44)} -> 0

Sheet ASISTENCIA D
D2: PRIMER MOMENTO PEDAGÓGICO | T2: Matrícula: | X2: =SUM(AB2,AF2) -> 34 | Z2: M | AA2: : | AB2: =COUNTIF(C9:C42,Z2) -> 16 | AD2: F | AE2: : | AF2: =COUNTIF(C9:C42,AD2) -> 18 | AI2: TOTAL INASISTENCIA MENSUAL
B3: ='AVANCE D'!B7 -> 2DO AÑO SECCIÓN "D" | D3: F E C H A
A4: DOCENTE: | B4: ='AVANCE D'!B9 -> XX
A5: ÁREA: | B5: ='AVANCE D'!B6 -> 0
A6: CONTROL DE ASISTENCIA MES DE:
A7: N° | B7: APELLIDOS Y NOMBRES | AI7: TI
C8: SEXO | D8: 1 | E8: 2 | F8: 3
A9: 1 | B9: =TRANSPOSE('AVANCE D'!B12) -> EVANS ROJAS JOHN ANTHONY | C9: M | F9: 2 | I9: 2 | AI9: =SUM(D9:AH9) -> 4
A10: 2 | B10: {=TRANSPOSE('AVANCE D'!B13)} -> PÁEZ PEÑA CÉSAR IGNACIO | C10: M | AI10: =SUM(D10:AH10) -> 0
A11: 3 | B11: {=TRANSPOSE('AVANCE D'!B14)} -> GARCÍA SALAZAR SOPHIA ISABEL | C11: F | AI11: =SUM(D11:AH11) -> 0
A12: 4 | B12: {=TRANSPOSE('AVANCE D'!B15)} -> ROJAS MATA ISMAEL JOSÉ | C12: M | AI12: =SUM(D12:AH12) -> 0
A13: 5 | B13: {=TRANSPOSE('AVANCE D'!B16)} -> MAITA LANDAETA ISABELLA VALENTINA | C13: F | AI13: =SUM(D13:AH13) -> 0
A14: 6 | B14: {=TRANSPOSE('AVANCE D'!B17)} -> CASTILLO YBAÑEZ ERIKXANDER JEREMIA | C14: M | AI14: =SUM(D14:AH14) -> 0
A15: 7 | B15: {=TRANSPOSE('AVANCE D'!B18)} -> BRUCES ROCCA MARÍA FERNANDA | C15: F | AI15: =SUM(D15:AH15) -> 0
A16: 8 | B16: {=TRANSPOSE('AVANCE D'!B19)} -> PALMA CARCAMO ARANTZA SOPHIA | C16: F | AI16: =SUM(D16:AH16) -> 0
A17: 9 | B17: {=TRANSPOSE('AVANCE D'!B20)} -> BURGUILLOS GUIRIGAY EDGAR LUIS | C17: M | AI17: =SUM(D17:AH17) -> 0
A18: 10 | B18: {=TRANSPOSE('AVANCE D'!B21)} -> URBANO CHAURAN ANA PAULA DEL CARMEN | C18: F | AI18: =SUM(D18:AH18) -> 0
A19: 11 | B19: {=TRANSPOSE('AVANCE D'!B22)} -> GÓMEZ MÉNDEZ LUIS MAXIMILIANO | C19: M | AI19: =SUM(D19:AH19) -> 0
A20: 12 | B20: {=TRANSPOSE('AVANCE D'!B23)} -> REBOLLEDO PÉREZ MIGUEL ÁNGEL | C20: M | AI20: =SUM(D20:AH20) -> 0
A21: 13 | B21: {=TRANSPOSE('AVANCE D'!B24)} -> QUIJADA GARCÍA LUIS EDUARDO | C21: M | AI21: =SUM(D21:AH21) -> 0
... A42: 34 | B42: {=TRANSPOSE('AVANCE D'!B45)} -> QUIJADA ORSINI MEYLER ALEXANDER | C42: M | AI42: =SUM(D42:AH42) -> 0

Sheet AVANCE E
C1: HOJA DE LA ACTUACIÓN DEL ESTUDIANTE | T1: CALIFICACIÓN FINAL DEL ESTUDIANTE POR LAPSO
C2: EV.PARCIALES, OBJETIVOS. INSTRUMENTOS, PONDERACIÓN | P2: NIVELACIÓN | Q2: REFERENTES ÉTICOS | T2: PROMEDIO AJUSTADO AL 100% | U2: CALIFICACIÓN DEL PROFESOR | V2: CALIFICACIÓN DEL CONSEJO | X2: FIRMA DEL ESTUDIANTE
B3: UNIDAD EDUCATIVA | W3: INASISTENCIAS POR HORAS ACADÉMICAS
B4: ROBERTO CASTILLO CARDIER | C4: PRUEBA ESCRITA | D4: {=TRANSPOSE(D11)%} -> 0.1 | E4: XX | F4: {=TRANSPOSE(F11)%} -> 0.05 | H4: {=TRANSPOSE(H11)%} -> 0 | J4: {=TRANSPOSE(J11)%} -> 0 | L4: {=TRANSPOSE(L11)%} -> 0 | N4: {=TRANSPOSE(N11)%} -> 0 | O4: % | Q4: RESPONSABILIDAD | R4: AJUSTE SOCIAL | S4: APRECIACIÓN FINAL 10%
O5: =SUM(D11,F11,H11,J11,L11,N11) -> 15
A6: ÁREA: | O6: PROMEDIO
A7: CURSO: | B7: 2DO AÑO SECCIÓN "E"
A8: LAPSO: | B8: PRIMER MOMENTO PEDAGÓGICO
A9: DOCENTE: | B9: XX
A10: ESCOLARIDAD: 2026 - 2027
A11: Nº | B11: APELLIDOS Y NOMBRES | C11: CALIF | D11: 10 | E11: CALIF | F11: 5 | G11: CALIF | I11: CALIF | K11: CALIF | M11: CALIF
A12: 1 | B12: PALOMO COLMENARES SANTIAGO RAFAEL | D12: =N(C12)*($D$11)/100 -> 0 | F12: =N(E12)*($F$11)/100 -> 0 | H12: =N(G12)*($H$11)/100 -> 0 | J12: =N(I12)*($J$11)/100 -> 0 | L12: =N(K12)*($L$11)/100 -> 0 | N12: =N(M12)*($N$11)/100 -> 0 | O12: =SUM(D12,F12,H12,J12,L12,N12) -> 0 | S12: =SUM(IFERROR(VALUE(SUBSTITUTE(P12,".",",")), N(P12)),IFERROR(VALUE(SUBSTITUTE(Q12,".",",")), N(Q12)),IFERROR(VALUE(SUBSTITUTE(R12,".",",")), N(R12))) -> 0 | T12: =SUM(O12,S12) -> 0 | U12: =T12 -> 0 | W12: {=TRANSPOSE('ASISTENCIA E'!AI9)} -> 0
A13: =IF(B13<>"",A12 + 1, "") -> 2 | B13: LÓPEZ LEAL SABRINA ESMERALDA | D13: =N(C13)*($D$11)/100 -> 0 | F13: =N(E13)*($F$11)/100 -> 0 | H13: =N(G13)*($H$11)/100 -> 0 | J13: =N(I13)*($J$11)/100 -> 0 | L13: =N(K13)*($L$11)/100 -> 0 | N13: =N(M13)*($N$11)/100 -> 0 | O13: =SUM(D13,F13,H13,J13,L13,N13) -> 0 | S13: =SUM(IFERROR(VALUE(SUBSTITUTE(P13,".",",")), N(P13)),IFERROR(VALUE(SUBSTITUTE(Q13,".",",")), N(Q13)),IFERROR(VALUE(SUBSTITUTE(R13,".",",")), N(R13))) -> 0 | T13: =SUM(O13,S13) -> 0 | U13: =T13 -> 0 | W13: {=TRANSPOSE('ASISTENCIA E'!AI10)} -> 0
A14: =IF(B14<>"",A13 + 1, "") -> 3 | B14: MONRROY MEJÍAS JORGE YASSER | D14: =N(C14)*($D$11)/100 -> 0 | F14: =N(E14)*($F$11)/100 -> 0 | H14: =N(G14)*($H$11)/100 -> 0 | J14: =N(I14)*($J$11)/100 -> 0 | L14: =N(K14)*($L$11)/100 -> 0 | N14: =N(M14)*($N$11)/100 -> 0 | O14: =SUM(D14,F14,H14,J14,L14,N14) -> 0 | S14: =SUM(IFERROR(VALUE(SUBSTITUTE(P14,".",",")), N(P14)),IFERROR(VALUE(SUBSTITUTE(Q14,".",",")), N(Q14)),IFERROR(VALUE(SUBSTITUTE(R14,".",",")), N(R14))) -> 0 | T14: =SUM(O14,S14) -> 0 | U14: =T14 -> 0 | W14: {=TRANSPOSE('ASISTENCIA E'!AI11)} -> 0
A15: =IF(B15<>"",A14 + 1, "") -> 4 | B15: MAITAN BRIÓN LUIS ALFREDO | D15: =N(C15)*($D$11)/100 -> 0 | F15: =N(E15)*($F$11)/100 -> 0 | H15: =N(G15)*($H$11)/100 -> 0 | J15: =N(I15)*($J$11)/100 -> 0 | L15: =N(K15)*($L$11)/100 -> 0 | N15: =N(M15)*($N$11)/100 -> 0 | O15: =SUM(D15,F15,H15,J15,L15,N15) -> 0 | S15: =SUM(IFERROR(VALUE(SUBSTITUTE(P15,".",",")), N(P15)),IFERROR(VALUE(SUBSTITUTE(Q15,".",",")), N(Q15)),IFERROR(VALUE(SUBSTITUTE(R15,".",",")), N(R15))) -> 0 | T15: =SUM(O15,S15) -> 0 | U15: =T15 -> 0 | W15: {=TRANSPOSE('ASISTENCIA E'!AI12)} -> 0
A16: =IF(B16<>"",A15 + 1, "") -> 5 | B16: RAMOS RAMOS XIMENA LUCÍA | D16: =N(C16)*($D$11)/100 -> 0 | F16: =N(E16)*($F$11)/100 -> 0 | H16: =N(G16)*($H$11)/100 -> 0 | J16: =N(I16)*($J$11)/100 -> 0 | L16: =N(K16)*($L$11)/100 -> 0 | N16: =N(M16)*($N$11)/100 -> 0 | O16: =SUM(D16,F16,H16,J16,L16,N16) -> 0 | S16: =SUM(IFERROR(VALUE(SUBSTITUTE(P16,".",",")), N(P16)),IFERROR(VALUE(SUBSTITUTE(Q16,".",",")), N(Q16)),IFERROR(VALUE(SUBSTITUTE(R16,".",",")), N(R16))) -> 0 | T16: =SUM(O16,S16) -> 0 | U16: =T16 -> 0 | W16: {=TRANSPOSE('ASISTENCIA E'!AI13)} -> 0
A17: =IF(B17<>"",A16 + 1, "") -> 6 | B17: RIVAS FIGUEROA CAMILA NICOLE | D17: =N(C17)*($D$11)/100 -> 0 | F17: =N(E17)*($F$11)/100 -> 0 | H17: =N(G17)*($H$11)/100 -> 0 | J17: =N(I17)*($J$11)/100 -> 0 | L17: =N(K17)*($L$11)/100 -> 0 | N17: =N(M17)*($N$11)/100 -> 0 | O17: =SUM(D17,F17,H17,J17,L17,N17) -> 0 | S17: =SUM(IFERROR(VALUE(SUBSTITUTE(P17,".",",")), N(P17)),IFERROR(VALUE(SUBSTITUTE(Q17,".",",")), N(Q17)),IFERROR(VALUE(SUBSTITUTE(R17,".",",")), N(R17))) -> 0 | T17: =SUM(O17,S17) -> 0 | U17: =T17 -> 0 | W17: {=TRANSPOSE('ASISTENCIA E'!AI14)} -> 0
A18: =IF(B18<>"",A17 + 1, "") -> 7 | B18: TIAPA FLORES MOISÉS ALFREDO | D18: =N(C18)*($D$11)/100 -> 0 | F18: =N(E18)*($F$11)/100 -> 0 | H18: =N(G18)*($H$11)/100 -> 0 | J18: =N(I18)*($J$11)/100 -> 0 | L18: =N(K18)*($L$11)/100 -> 0 | N18: =N(M18)*($N$11)/100 -> 0 | O18: =SUM(D18,F18,H18,J18,L18,N18) -> 0 | S18: =SUM(IFERROR(VALUE(SUBSTITUTE(P18,".",",")), N(P18)),IFERROR(VALUE(SUBSTITUTE(Q18,".",",")), N(Q18)),IFERROR(VALUE(SUBSTITUTE(R18,".",",")), N(R18))) -> 0 | T18: =SUM(O18,S18) -> 0 | U18: =T18 -> 0 | W18: {=TRANSPOSE('ASISTENCIA E'!AI15)} -> 0
A19: =IF(B19<>"",A18 + 1, "") -> 8 | B19: BETANCOURT CENTENO DIEGO ALEJANDRO | D19: =N(C19)*($D$11)/100 -> 0 | F19: =N(E19)*($F$11)/100 -> 0 | H19: =N(G19)*($H$11)/100 -> 0 | J19: =N(I19)*($J$11)/100 -> 0 | L19: =N(K19)*($L$11)/100 -> 0 | N19: =N(M19)*($N$11)/100 -> 0 | O19: =SUM(D19,F19,H19,J19,L19,N19) -> 0 | S19: =SUM(IFERROR(VALUE(SUBSTITUTE(P19,".",",")), N(P19)),IFERROR(VALUE(SUBSTITUTE(Q19,".",",")), N(Q19)),IFERROR(VALUE(SUBSTITUTE(R19,".",",")), N(R19))) -> 0 | T19: =SUM(O19,S19) -> 0 | U19: =T19 -> 0 | W19: {=TRANSPOSE('ASISTENCIA E'!AI16)} -> 0
A20: =IF(B20<>"",A19 + 1, "") -> 9 | B20: MÁRQUEZ VIÑA ANTHONY ALESSANDRO | D20: =N(C20)*($D$11)/100 -> 0 | F20: =N(E20)*($F$11)/100 -> 0 | H20: =N(G20)*($H$11)/100 -> 0 | J20: =N(I20)*($J$11)/100 -> 0 | L20: =N(K20)*($L$11)/100 -> 0 | N20: =N(M20)*($N$11)/100 -> 0 | O20: =SUM(D20,F20,H20,J20,L20,N20) -> 0 | S20: =SUM(IFERROR(VALUE(SUBSTITUTE(P20,".",",")), N(P20)),IFERROR(VALUE(SUBSTITUTE(Q20,".",",")), N(Q20)),IFERROR(VALUE(SUBSTITUTE(R20,".",",")), N(R20))) -> 0 | T20: =SUM(O20,S20) -> 0 | U20: =T20 -> 0 | W20: {=TRANSPOSE('ASISTENCIA E'!AI17)} -> 0
A21: =IF(B21<>"",A20 + 1, "") -> 10 | B21: YÁNEZ FONSECA ARANZA SURIEL | D21: =N(C21)*($D$11)/100 -> 0 | F21: =N(E21)*($F$11)/100 -> 0 | H21: =N(G21)*($H$11)/100 -> 0 | J21: =N(I21)*($J$11)/100 -> 0 | L21: =N(K21)*($L$11)/100 -> 0 | N21: =N(M21)*($N$11)/100 -> 0 | O21: =SUM(D21,F21,H21,J21,L21,N21) -> 0 | S21: =SUM(IFERROR(VALUE(SUBSTITUTE(P21,".",",")), N(P21)),IFERROR(VALUE(SUBSTITUTE(Q21,".",",")), N(Q21)),IFERROR(VALUE(SUBSTITUTE(R21,".",",")), N(R21))) -> 0 | T21: =SUM(O21,S21) -> 0 | U21: =T21 -> 0 | W21: {=TRANSPOSE('ASISTENCIA E'!AI18)} -> 0
A22: =IF(B22<>"",A21 + 1, "") -> 11 | B22: LARES VIVAS VALERY SOFÍA | D22: =N(C22)*($D$11)/100 -> 0 | F22: =N(E22)*($F$11)/100 -> 0 | H22: =N(G22)*($H$11)/100 -> 0 | J22: =N(I22)*($J$11)/100 -> 0 | L22: =N(K22)*($L$11)/100 -> 0 | N22: =N(M22)*($N$11)/100 -> 0 | O22: =SUM(D22,F22,H22,J22,L22,N22) -> 0 | S22: =SUM(IFERROR(VALUE(SUBSTITUTE(P22,".",",")), N(P22)),IFERROR(VALUE(SUBSTITUTE(Q22,".",",")), N(Q22)),IFERROR(VALUE(SUBSTITUTE(R22,".",",")), N(R22))) -> 0 | T22: =SUM(O22,S22) -> 0 | U22: =T22 -> 0 | W22: {=TRANSPOSE('ASISTENCIA E'!AI19)} -> 0
A23: =IF(B23<>"",A22 + 1, "") -> 12 | B23: JIMÉNEZ ROMERO SEBASTIÁN DAVID | D23: =N(C23)*($D$11)/100 -> 0 | F23: =N(E23)*($F$11)/100 -> 0 | H23: =N(G23)*($H$11)/100 -> 0 | J23: =N(I23)*($J$11)/100 -> 0 | L23: =N(K23)*($L$11)/100 -> 0 | N23: =N(M23)*($N$11)/100 -> 0 | O23: =SUM(D23,F23,H23,J23,L23,N23) -> 0 | S23: =SUM(IFERROR(VALUE(SUBSTITUTE(P23,".",",")), N(P23)),IFERROR(VALUE(SUBSTITUTE(Q23,".",",")), N(Q23)),IFERROR(VALUE(SUBSTITUTE(R23,".",",")), N(R23))) -> 0 | T23: =SUM(O23,S23) -> 0 | U23: =T23 -> 0 | W23: {=TRANSPOSE('ASISTENCIA E'!AI20)} -> 0
A24: =IF(B24<>"",A23 + 1, "") -> 13 | B24: SOUQUET MANZANO JUAN PABLO | D24: =N(C24)*($D$11)/100 -> 0 | F24: =N(E24)*($F$11)/100 -> 0 | H24: =N(G24)*($H$11)/100 -> 0 | J24: =N(I24)*($J$11)/100 -> 0 | L24: =N(K24)*($L$11)/100 -> 0 | N24: =N(M24)*($N$11)/100 -> 0 | O24: =SUM(D24,F24,H24,J24,L24,N24) -> 0 | S24: =SUM(IFERROR(VALUE(SUBSTITUTE(P24,".",",")), N(P24)),IFERROR(VALUE(SUBSTITUTE(Q24,".",",")), N(Q24)),IFERROR(VALUE(SUBSTITUTE(R24,".",",")), N(R24))) -> 0 | T24: =SUM(O24,S24) -> 0 | U24: =T24 -> 0 | W24: {=TRANSPOSE('ASISTENCIA E'!AI21)} -> 0
... A45: =IF(B45<>"",A44 + 1, "") -> 34 | B45: DÍAZ ALMEIDA CARLOTA ISABELLA | D45: =N(C45)*($D$11)/100 -> 0 | F45: =N(E45)*($F$11)/100 -> 0 | H45: =N(G45)*($H$11)/100 -> 0 | J45: =N(I45)*($J$11)/100 -> 0 | L45: =N(K45)*($L$11)/100 -> 0 | N45: =N(M45)*($N$11)/100 -> 0 | O45: =SUM(D45,F45,H45,J45,L45,N45) -> 0 | S45: =SUM(IFERROR(VALUE(SUBSTITUTE(P45,".",",")), N(P45)),IFERROR(VALUE(SUBSTITUTE(Q45,".",",")), N(Q45)),IFERROR(VALUE(SUBSTITUTE(R45,".",",")), N(R45))) -> 0 | T45: =SUM(O45,S45) -> 0 | U45: =T45 -> 0 | W45: {=TRANSPOSE('ASISTENCIA E'!AI42)} -> 0
A46: =IF(B46<>"",A45 + 1, "") | D46: =N(C46)*($D$11)/100 -> 0 | F46: =N(E46)*($F$11)/100 -> 0 | H46: =N(G46)*($H$11)/100 -> 0 | J46: =N(I46)*($J$11)/100 -> 0 | L46: =N(K46)*($L$11)/100 -> 0 | N46: =N(M46)*($N$11)/100 -> 0 | O46: =SUM(D46,F46,H46,J46,L46,N46) -> 0 | S46: =SUM(IFERROR(VALUE(SUBSTITUTE(P46,".",",")), N(P46)),IFERROR(VALUE(SUBSTITUTE(Q46,".",",")), N(Q46)),IFERROR(VALUE(SUBSTITUTE(R46,".",",")), N(R46))) -> 0 | T46: =SUM(O46,S46) -> 0 | U46: =T46 -> 0 | W46: {=TRANSPOSE('ASISTENCIA E'!AI43)} -> 0
A47: =IF(B47<>"",A46 + 1, "") | D47: =N(C47)*($D$11)/100 -> 0 | F47: =N(E47)*($F$11)/100 -> 0 | H47: =N(G47)*($H$11)/100 -> 0 | J47: =N(I47)*($J$11)/100 -> 0 | L47: =N(K47)*($L$11)/100 -> 0 | N47: =N(M47)*($N$11)/100 -> 0 | O47: =SUM(D47,F47,H47,J47,L47,N47) -> 0 | S47: =SUM(IFERROR(VALUE(SUBSTITUTE(P47,".",",")), N(P47)),IFERROR(VALUE(SUBSTITUTE(Q47,".",",")), N(Q47)),IFERROR(VALUE(SUBSTITUTE(R47,".",",")), N(R47))) -> 0 | T47: =SUM(O47,S47) -> 0 | U47: =T47 -> 0 | W47: {=TRANSPOSE('ASISTENCIA E'!AI44)} -> 0

Sheet ASISTENCIA E
D2: PRIMER MOMENTO PEDAGÓGICO | T2: Matrícula: | X2: =SUM(AB2,AF2) -> 34 | Z2: M | AA2: : | AB2: =COUNTIF(C9:C42,Z2) -> 19 | AD2: F | AE2: : | AF2: =COUNTIF(C9:C42,AD2) -> 15 | AI2: TOTAL INASISTENCIA MENSUAL
B3: ='AVANCE E'!B7 -> 2DO AÑO SECCIÓN "E" | D3: F E C H A
A4: DOCENTE: | B4: ='AVANCE E'!B9 -> XX
A5: ÁREA: | B5: ='AVANCE E'!B6 -> 0
A6: CONTROL DE ASISTENCIA MES DE:
A7: N° | B7: APELLIDOS Y NOMBRES | AI7: TI
C8: SEXO | D8: 1 | E8: 2 | F8: 3
A9: 1 | B9: =TRANSPOSE('AVANCE E'!B12) -> PALOMO COLMENARES SANTIAGO RAFAEL | C9: M | AI9: =SUM(D9:AH9) -> 0
A10: 2 | B10: {=TRANSPOSE('AVANCE E'!B13)} -> LÓPEZ LEAL SABRINA ESMERALDA | C10: F | AI10: =SUM(D10:AH10) -> 0
A11: 3 | B11: {=TRANSPOSE('AVANCE E'!B14)} -> MONRROY MEJÍAS JORGE YASSER | C11: M | AI11: =SUM(D11:AH11) -> 0
A12: 4 | B12: {=TRANSPOSE('AVANCE E'!B15)} -> MAITAN BRIÓN LUIS ALFREDO | C12: M | AI12: =SUM(D12:AH12) -> 0
A13: 5 | B13: {=TRANSPOSE('AVANCE E'!B16)} -> RAMOS RAMOS XIMENA LUCÍA | C13: F | AI13: =SUM(D13:AH13) -> 0
A14: 6 | B14: {=TRANSPOSE('AVANCE E'!B17)} -> RIVAS FIGUEROA CAMILA NICOLE | C14: F | AI14: =SUM(D14:AH14) -> 0
A15: 7 | B15: {=TRANSPOSE('AVANCE E'!B18)} -> TIAPA FLORES MOISÉS ALFREDO | C15: M | AI15: =SUM(D15:AH15) -> 0
A16: 8 | B16: {=TRANSPOSE('AVANCE E'!B19)} -> BETANCOURT CENTENO DIEGO ALEJANDRO | C16: M | AI16: =SUM(D16:AH16) -> 0
A17: 9 | B17: {=TRANSPOSE('AVANCE E'!B20)} -> MÁRQUEZ VIÑA ANTHONY ALESSANDRO | C17: M | AI17: =SUM(D17:AH17) -> 0
A18: 10 | B18: {=TRANSPOSE('AVANCE E'!B21)} -> YÁNEZ FONSECA ARANZA SURIEL | C18: F | AI18: =SUM(D18:AH18) -> 0
A19: 11 | B19: {=TRANSPOSE('AVANCE E'!B22)} -> LARES VIVAS VALERY SOFÍA | C19: F | AI19: =SUM(D19:AH19) -> 0
A20: 12 | B20: {=TRANSPOSE('AVANCE E'!B23)} -> JIMÉNEZ ROMERO SEBASTIÁN DAVID | C20: M | AI20: =SUM(D20:AH20) -> 0
A21: 13 | B21: {=TRANSPOSE('AVANCE E'!B24)} -> SOUQUET MANZANO JUAN PABLO | C21: M | AI21: =SUM(D21:AH21) -> 0
... A42: 34 | B42: {=TRANSPOSE('AVANCE E'!B45)} -> DÍAZ ALMEIDA CARLOTA ISABELLA | C42: F | AI42: =SUM(D42:AH42) -> 0
